,Brand,Description,Reviews,Discount,Category,Rating,Links
0,Van Heusen,Men's Solid Regular Fit Polo,"15,454",Save ₹360 (40%),Tshirts,3.3412848239106188,https://m.media-amazon.com/images/I/71RetUFMo7L._AC_UL320_.jpg
1,Jockey,Men's Regular Fit T-Shirt,"10,810",Save ₹138 (30%),Tshirts,3.678680587653864,https://m.media-amazon.com/images/I/71RetUFMo7L._AC_UL320_.jpg
2,Allen Solly,Men's Polo,"34,702",Save ₹320 (36%),Tshirts,4.330449377872413,https://m.media-amazon.com/images/I/71RetUFMo7L._AC_UL320_.jpg
3,US Polo Association,Men's Regular fit T-Shirt,"4,121",Save ₹90 (14%),Tshirts,3.731780814991803,https://m.media-amazon.com/images/I/71RetUFMo7L._AC_UL320_.jpg
4,AELOMART,"Men's Cotton Full Sleeve T Shirt-(Amt1125-N,Olive)","2,491","Save ₹1,010 (67%)",Tshirts,4.7781571379636025,https://m.media-amazon.com/images/I/71RetUFMo7L._AC_UL320_.jpg
5,Allen Solly,Men's Regular Fit Polo,735,Save ₹510 (43%),Tshirts,4.036222875684903,https://m.media-amazon.com/images/I/71RetUFMo7L._AC_UL320_.jpg
6,Jockey,Men's Cotton T-Shirt,"6,564","6,564",Tshirts,3.6256272404769807,https://m.media-amazon.com/images/I/71RetUFMo7L._AC_UL320_.jpg
7,Allen Solly,Men's Plain Regular Fit Polo,"1,060",Save ₹460 (40%),Tshirts,4.65508058694476,https://m.media-amazon.com/images/I/71RetUFMo7L._AC_UL320_.jpg
8,Van Heusen Athleisure,Men's Solid Regular fit T-Shirt,"1,443",Save ₹30 (5%),Tshirts,3.2884621546182515,https://m.media-amazon.com/images/I/71RetUFMo7L._AC_UL320_.jpg
9,Jockey,Men's Tank Top,"5,674",Save ₹20 (4%),Tshirts,4.092633095907704,https://m.media-amazon.com/images/I/71RetUFMo7L._AC_UL320_.jpg
10,Max,Men's Slim Polo,"5,704",Save ₹45 (10%),Tshirts,3.0127115775534374,https://m.media-amazon.com/images/I/71RetUFMo7L._AC_UL320_.jpg
11,Jockey,Mens Short Sleeves V Neck Slim Fit Solid T-Shirt,"2,611",0,Tshirts,4.926055705322129,https://m.media-amazon.com/images/I/71RetUFMo7L._AC_UL320_.jpg
12,US Polo Association,Men's Regular T-Shirt,44,Save ₹676 (52%),Tshirts,4.2234633268936115,https://m.media-amazon.com/images/I/71RetUFMo7L._AC_UL320_.jpg
13,Jockey,Men's Cotton T-Shirt,"7,454","7,454",Tshirts,3.039526428712226,https://m.media-amazon.com/images/I/71RetUFMo7L._AC_UL320_.jpg
14,Red Tape,Men's Solid Regular Fit Polo,17,"Save ₹1,680 (88%)",Tshirts,3.87871625125924,https://m.media-amazon.com/images/I/71RetUFMo7L._AC_UL320_.jpg
15,Ontarious Look,Men's High and Turtle Neck Cotton T-Shirt,578,Save ₹300 (30%),Tshirts,3.973955491466131,https://m.media-amazon.com/images/I/71RetUFMo7L._AC_UL320_.jpg
16,Van Heusen Athleisure,Men's Solid Regular Fit Polo,"1,295",Save ₹99 (10%),Tshirts,4.637373002390982,https://m.media-amazon.com/images/I/71RetUFMo7L._AC_UL320_.jpg
17,Joshua Tree,Men's Regular fit T-Shirt,1,"Save ₹1,520 (61%)",Tshirts,3.6436048143404736,https://m.media-amazon.com/images/I/71RetUFMo7L._AC_UL320_.jpg
18,AMERICAN CREW,Men's Regular Fit Polos,"5,214",Save ₹900 (60%),Tshirts,4.0809100000362335,https://m.media-amazon.com/images/I/71RetUFMo7L._AC_UL320_.jpg
19,Levi's,Men's Regular T-Shirt,46,Save ₹500 (50%),Tshirts,3.3498614559454456,https://m.media-amazon.com/images/I/71RetUFMo7L._AC_UL320_.jpg
20,Van Heusen,Men's Solid Regular T-Shirt (VSKCURGBU51718_Multicolor XL),21,Save ₹252 (36%),Tshirts,4.284475933719221,https://m.media-amazon.com/images/I/71RetUFMo7L._AC_UL320_.jpg
21,Amazon Brand - Symbol,Men's Solid Regular Polo Shirt (AW17MPCP6_Pomegranate 3XL),66,Save ₹450 (56%),Tshirts,4.703015594882171,https://m.media-amazon.com/images/I/71RetUFMo7L._AC_UL320_.jpg
22,Amazon Brand - Symbol,Men's Solid Regular Fit Half Sleeve Cotton T-Shirt (Combo Pack of 3) (AW17PLPO3-6_M_Multicolor6),227,"Save ₹1,598 (76%)",Tshirts,4.598650770932787,https://m.media-amazon.com/images/I/71RetUFMo7L._AC_UL320_.jpg
23,Veirdo,Men's Cotton Half Sleeve Regular Fit Polo,269,Save ₹770 (64%),Tshirts,4.643099467527918,https://m.media-amazon.com/images/I/71RetUFMo7L._AC_UL320_.jpg
24,US Polo Association,Men's Printed Regular fit T-Shirt,"1,048","1,048",Tshirts,4.712202903782459,https://m.media-amazon.com/images/I/71RetUFMo7L._AC_UL320_.jpg
25,US Polo Association,Men's Striped Regular fit T-Shirt,809,809,Tshirts,4.654218104686081,https://m.media-amazon.com/images/I/71RetUFMo7L._AC_UL320_.jpg
26,US Polo Association,Men's Regular T-Shirt,21,Save ₹450 (45%),Tshirts,4.35070939302583,https://m.media-amazon.com/images/I/71RetUFMo7L._AC_UL320_.jpg
27,Amazon Brand - Symbol,Men's Regular T-Shirt,"4,372","Save ₹1,598 (76%)",Tshirts,4.466660935123116,https://m.media-amazon.com/images/I/71RetUFMo7L._AC_UL320_.jpg
28,US Polo Association,Men's Printed Regular fit T-Shirt,"1,057",Save ₹259 (37%),Tshirts,3.329092603359957,https://m.media-amazon.com/images/I/71RetUFMo7L._AC_UL320_.jpg
29,Amazon Brand - Symbol,Men's Regular Polo Shirt,162,Save ₹150 (30%),Tshirts,4.8803318879126145,https://m.media-amazon.com/images/I/71RetUFMo7L._AC_UL320_.jpg
30,GRITSTONES,Men's Solid Regular Fit T-Shirt,"2,189",Save ₹429 (57%),Tshirts,3.6740055184644707,https://m.media-amazon.com/images/I/71RetUFMo7L._AC_UL320_.jpg
31,US Polo Association,Heathered V-Neck T-Shirt,777,Save ₹50 (10%),Tshirts,3.9779524144523917,https://m.media-amazon.com/images/I/71RetUFMo7L._AC_UL320_.jpg
32,EYEBOGLER,Men's Regular Fit T-Shirt,25,Save ₹920 (71%),Tshirts,3.9069638681558194,https://m.media-amazon.com/images/I/71RetUFMo7L._AC_UL320_.jpg
33,Allen Solly,Men's Regular Fit T-Shirt,948,Save ₹260 (37%),Tshirts,4.5138944832607235,https://m.media-amazon.com/images/I/71RetUFMo7L._AC_UL320_.jpg
34,ADRO,Men's Regular Fit T-Shirt,"1,525","Save ₹1,200 (67%)",Tshirts,4.338513496784693,https://m.media-amazon.com/images/I/71RetUFMo7L._AC_UL320_.jpg
35,Van Heusen Athleisure,Men's Solid Regular Fit T-Shirt,"2,941",Save ₹30 (5%),Tshirts,3.847071644658447,https://m.media-amazon.com/images/I/71RetUFMo7L._AC_UL320_.jpg
36,Van Heusen Athleisure,Men's Regular fit T-Shirt,"1,958","1,958",Tshirts,4.761309509132968,https://m.media-amazon.com/images/I/71RetUFMo7L._AC_UL320_.jpg
37,Van Heusen,Men's Regular T-Shirt,509,Save ₹252 (36%),Tshirts,3.061403208104588,https://m.media-amazon.com/images/I/71RetUFMo7L._AC_UL320_.jpg
38,US Polo Association,Men's Slim T-Shirt,18,Save ₹754 (40%),Tshirts,3.3520217837307773,https://m.media-amazon.com/images/I/71RetUFMo7L._AC_UL320_.jpg
39,Puma,Men's Regular fit T-Shirt,25,Save ₹754 (58%),Tshirts,3.7068488878952,https://m.media-amazon.com/images/I/71RetUFMo7L._AC_UL320_.jpg
40,Van Heusen,Men Polo Shirt,26,Save ₹500 (42%),Tshirts,3.2949739320930913,https://m.media-amazon.com/images/I/71RetUFMo7L._AC_UL320_.jpg
41,Wear Your Opinion,WYO Men's Tshirt with Camouflage Style |Half Sleeve Tshirt |All Over Print |Military Army Stylist Tshirt,"1,779","Save ₹1,600 (80%)",Tshirts,4.352320407310223,https://m.media-amazon.com/images/I/71RetUFMo7L._AC_UL320_.jpg
42,Amazon Brand - Symbol,Men's Regular Fit T-Shirt,642,Save ₹898 (64%),Tshirts,4.039289827370946,https://m.media-amazon.com/images/I/71RetUFMo7L._AC_UL320_.jpg
43,Van Heusen Athleisure,Men's Solid Regular fit Polo,694,Save ₹109 (10%),Tshirts,4.294418285714029,https://m.media-amazon.com/images/I/71RetUFMo7L._AC_UL320_.jpg
44,Veirdo,Men's Cotton Regular Fit Color Blocked Sleeveless T-Shirt,398,Save ₹700 (70%),Tshirts,3.975165799538005,https://m.media-amazon.com/images/I/71RetUFMo7L._AC_UL320_.jpg
45,Veirdo,Men's Cotton Half Sleeve Printed Polo T-Shirt,319,Save ₹800 (67%),Tshirts,3.6126050395165397,https://m.media-amazon.com/images/I/71RetUFMo7L._AC_UL320_.jpg
46,Jockey,Men's Classic Fit T-Shirt,935,935,Tshirts,4.29509783129923,https://m.media-amazon.com/images/I/71RetUFMo7L._AC_UL320_.jpg
47,Van Heusen Athleisure,Men T-Shirt,"1,000","1,000",Tshirts,4.667138522007617,https://m.media-amazon.com/images/I/71RetUFMo7L._AC_UL320_.jpg
48,Amazon Brand - Inkast Denim Co.,Men's Solid Regular Fit Polo,"5,148","Save ₹1,390 (66%)",Shirts,4.513464112517656,https://m.media-amazon.com/images/I/81owcHdAo5L._AC_UL320_.jpg
49,Dennis Lingo,Men's Regular Fit T-Shirt,"1,359","Save ₹1,850 (74%)",Shirts,4.047940229610852,https://m.media-amazon.com/images/I/81owcHdAo5L._AC_UL320_.jpg
50,Dennis Lingo,Men's Polo,"9,216","Save ₹1,280 (69%)",Shirts,3.1187896421369476,https://m.media-amazon.com/images/I/81owcHdAo5L._AC_UL320_.jpg
51,Dennis Lingo,Men's Regular fit T-Shirt,"9,628","Save ₹1,300 (70%)",Shirts,4.698619415841865,https://m.media-amazon.com/images/I/81owcHdAo5L._AC_UL320_.jpg
52,Amazon Brand - Inkast Denim Co.,"Men's Cotton Full Sleeve T Shirt-(Amt1125-N,Olive)","1,477","Save ₹1,140 (67%)",Shirts,4.140870807772133,https://m.media-amazon.com/images/I/81owcHdAo5L._AC_UL320_.jpg
53,Amazon Brand - Inkast Denim Co.,Men's Regular Fit Polo,65,"Save ₹1,440 (72%)",Shirts,3.568033588122138,https://m.media-amazon.com/images/I/81owcHdAo5L._AC_UL320_.jpg
54,Dennis Lingo,Men's Cotton T-Shirt,942,"Save ₹1,850 (74%)",Shirts,4.354767453670263,https://m.media-amazon.com/images/I/81owcHdAo5L._AC_UL320_.jpg
55,Dennis Lingo,Men's Plain Regular Fit Polo,421,"Save ₹1,750 (70%)",Shirts,3.8755289958136494,https://m.media-amazon.com/images/I/81owcHdAo5L._AC_UL320_.jpg
56,IndoPrimo,Men's Solid Regular fit T-Shirt,106,"Save ₹1,300 (65%)",Shirts,4.162550051558851,https://m.media-amazon.com/images/I/81owcHdAo5L._AC_UL320_.jpg
57,Amazon Brand - Symbol,Men's Tank Top,122,Save ₹970 (69%),Shirts,3.8828433422199886,https://m.media-amazon.com/images/I/81owcHdAo5L._AC_UL320_.jpg
58,US Polo Association,Men's Slim Polo,42,"Save ₹1,690 (65%)",Shirts,4.473205393007207,https://m.media-amazon.com/images/I/81owcHdAo5L._AC_UL320_.jpg
59,Dennis Lingo,Mens Short Sleeves V Neck Slim Fit Solid T-Shirt,627,"Save ₹1,541 (67%)",Shirts,4.4853824281650505,https://m.media-amazon.com/images/I/81owcHdAo5L._AC_UL320_.jpg
60,Dennis Lingo,Men's Regular T-Shirt,242,"Save ₹1,850 (74%)",Shirts,4.962846332593155,https://m.media-amazon.com/images/I/81owcHdAo5L._AC_UL320_.jpg
61,HammerSmith,Men's Cotton T-Shirt,134,"Save ₹1,020 (68%)",Shirts,4.66513918675637,https://m.media-amazon.com/images/I/81owcHdAo5L._AC_UL320_.jpg
62,Dennis Lingo,Men's Solid Regular Fit Polo,"1,656","Save ₹1,850 (74%)",Shirts,3.2463226943544905,https://m.media-amazon.com/images/I/81owcHdAo5L._AC_UL320_.jpg
63,Dennis Lingo,Men's High and Turtle Neck Cotton T-Shirt,"1,611","Save ₹1,700 (68%)",Shirts,4.645660586710806,https://m.media-amazon.com/images/I/81owcHdAo5L._AC_UL320_.jpg
64,Pepe Jeans,Men's Solid Regular Fit Polo,1,"Save ₹1,500 (50%)",Shirts,3.611779600200089,https://m.media-amazon.com/images/I/81owcHdAo5L._AC_UL320_.jpg
65,Lee Cooper,Men's Regular fit T-Shirt,2,"Save ₹1,539 (70%)",Shirts,4.760885233967979,https://m.media-amazon.com/images/I/81owcHdAo5L._AC_UL320_.jpg
66,Van Heusen Sport,Men's Regular Fit Polos,190,Save ₹690 (46%),Shirts,3.4078573762639373,https://m.media-amazon.com/images/I/81owcHdAo5L._AC_UL320_.jpg
67,Campus Sutra,Men's Regular T-Shirt,"2,553",Save ₹840 (56%),Shirts,4.178784661498195,https://m.media-amazon.com/images/I/81owcHdAo5L._AC_UL320_.jpg
68,As Fashion,Men's Solid Regular T-Shirt (VSKCURGBU51718_Multicolor XL),3,"Save ₹2,500 (83%)",Shirts,4.790188220012414,https://m.media-amazon.com/images/I/81owcHdAo5L._AC_UL320_.jpg
69,Amazon Brand - Symbol,Men's Solid Regular Polo Shirt (AW17MPCP6_Pomegranate 3XL),"3,039",Save ₹940 (67%),Shirts,3.893004839496236,https://m.media-amazon.com/images/I/81owcHdAo5L._AC_UL320_.jpg
70,Amazon Brand - House & Shields,Men's Solid Regular Fit Half Sleeve Cotton T-Shirt (Combo Pack of 3) (AW17PLPO3-6_M_Multicolor6),199,"Save ₹1,170 (65%)",Shirts,3.681280074199255,https://m.media-amazon.com/images/I/81owcHdAo5L._AC_UL320_.jpg
71,Levi's,Men's Cotton Half Sleeve Regular Fit Polo,40,Save ₹848 (39%),Shirts,3.418835428476413,https://m.media-amazon.com/images/I/81owcHdAo5L._AC_UL320_.jpg
72,USPOLO,Men's Printed Regular fit T-Shirt,20,Save ₹740 (37%),Shirts,4.3072632242230835,https://m.media-amazon.com/images/I/81owcHdAo5L._AC_UL320_.jpg
73,Peter England,Men's Striped Regular fit T-Shirt,5,Save ₹559 (43%),Shirts,4.541008208405917,https://m.media-amazon.com/images/I/81owcHdAo5L._AC_UL320_.jpg
74,Red Tape,Men's Regular T-Shirt,86,"Save ₹2,200 (76%)",Shirts,4.82260002068775,https://m.media-amazon.com/images/I/81owcHdAo5L._AC_UL320_.jpg
75,Dennis Lingo,Men's Regular T-Shirt,45,"Save ₹1,800 (72%)",Shirts,3.342182689697289,https://m.media-amazon.com/images/I/81owcHdAo5L._AC_UL320_.jpg
76,Red Tape,Men's Printed Regular fit T-Shirt,170,"Save ₹1,640 (75%)",Shirts,3.734249186290351,https://m.media-amazon.com/images/I/81owcHdAo5L._AC_UL320_.jpg
77,Levi's,Men's Regular Polo Shirt,64,Save ₹880 (40%),Shirts,3.2054786614781423,https://m.media-amazon.com/images/I/81owcHdAo5L._AC_UL320_.jpg
78,Amazon Brand - Symbol,Men's Solid Regular Fit T-Shirt,49,"Save ₹1,010 (72%)",Shirts,4.414615290660619,https://m.media-amazon.com/images/I/81owcHdAo5L._AC_UL320_.jpg
79,Amazon Brand - Inkast Denim Co.,Heathered V-Neck T-Shirt,662,Save ₹940 (63%),Shirts,3.9807736887975036,https://m.media-amazon.com/images/I/81owcHdAo5L._AC_UL320_.jpg
80,Amazon Brand - House & Shields,Men's Regular Fit T-Shirt,19,"Save ₹1,780 (77%)",Shirts,3.7966346483575046,https://m.media-amazon.com/images/I/81owcHdAo5L._AC_UL320_.jpg
81,Radhe Enterprise,Men's Regular Fit T-Shirt,1,1,Shirts,4.332323508562918,https://m.media-amazon.com/images/I/81owcHdAo5L._AC_UL320_.jpg
82,Dennis Lingo,Men's Regular Fit T-Shirt,"1,179","Save ₹1,496 (68%)",Shirts,4.982452651616375,https://m.media-amazon.com/images/I/81owcHdAo5L._AC_UL320_.jpg
83,LookMark,Men's Solid Regular Fit T-Shirt,60,"Save ₹1,100 (69%)",Shirts,3.714441785135797,https://m.media-amazon.com/images/I/81owcHdAo5L._AC_UL320_.jpg
84,Levi's,Men's Regular fit T-Shirt,24,Save ₹400 (20%),Shirts,3.860924463637091,https://m.media-amazon.com/images/I/81owcHdAo5L._AC_UL320_.jpg
85,Amazon Brand - Symbol,Men's Regular T-Shirt,52,"Save ₹1,240 (73%)",Shirts,4.39730077273976,https://m.media-amazon.com/images/I/81owcHdAo5L._AC_UL320_.jpg
86,Amazon Brand - Symbol,Men's Slim T-Shirt,65,Save ₹970 (69%),Shirts,4.472821281851301,https://m.media-amazon.com/images/I/81owcHdAo5L._AC_UL320_.jpg
87,Amazon Brand - Symbol,Men's Regular fit T-Shirt,24,"Save ₹1,010 (67%)",Shirts,4.288128204096777,https://m.media-amazon.com/images/I/81owcHdAo5L._AC_UL320_.jpg
88,Amazon Brand - House & Shields,Men Polo Shirt,68,"Save ₹1,500 (71%)",Shirts,3.1455864305664045,https://m.media-amazon.com/images/I/81owcHdAo5L._AC_UL320_.jpg
89,Levi's,WYO Men's Tshirt with Camouflage Style |Half Sleeve Tshirt |All Over Print |Military Army Stylist Tshirt,20,Save ₹740 (37%),Shirts,4.025852548818002,https://m.media-amazon.com/images/I/81owcHdAo5L._AC_UL320_.jpg
90,Amazon Brand - Symbol,Men's Regular Fit T-Shirt,999,"Save ₹1,989 (71%)",Shirts,4.901030612890778,https://m.media-amazon.com/images/I/81owcHdAo5L._AC_UL320_.jpg
91,Dennis Lingo,Men's Solid Regular fit Polo,182,"Save ₹1,600 (70%)",Shirts,3.505463388581717,https://m.media-amazon.com/images/I/81owcHdAo5L._AC_UL320_.jpg
92,Levi's,Men's Cotton Regular Fit Color Blocked Sleeveless T-Shirt,1,"Save ₹1,300 (50%)",Shirts,4.661898677713289,https://m.media-amazon.com/images/I/81owcHdAo5L._AC_UL320_.jpg
93,Amazon Brand - Symbol,Men's Cotton Half Sleeve Printed Polo T-Shirt,14,"Save ₹1,114 (66%)",Shirts,3.354338983700038,https://m.media-amazon.com/images/I/81owcHdAo5L._AC_UL320_.jpg
94,Amazon Brand - Symbol,Men's Classic Fit T-Shirt,679,Save ₹970 (69%),Shirts,3.7669221034711646,https://m.media-amazon.com/images/I/81owcHdAo5L._AC_UL320_.jpg
95,Amazon Brand - House & Shields,Men T-Shirt,20,"Save ₹1,611 (73%)",Shirts,4.043467378057927,https://m.media-amazon.com/images/I/81owcHdAo5L._AC_UL320_.jpg
96,Amazon Brand - Symbol,Men's Slim Fit Casual Shirt,2,"Save ₹1,040 (65%)",Jeans,4.03700165694569,https://m.media-amazon.com/images/I/71CgUTA-ZaL._AC_UL320_.jpg
97,NEWPORT,Men's Checkered Slim Fit Casual Shirt,1,"Save ₹1,110 (65%)",Jeans,3.5898665951895516,https://m.media-amazon.com/images/I/71CgUTA-ZaL._AC_UL320_.jpg
98,Levi's,Men's Solid Slim Fit Casual Shirt,9,"Save ₹1,870 (55%)",Jeans,4.688618101445569,https://m.media-amazon.com/images/I/71CgUTA-ZaL._AC_UL320_.jpg
99,Pepe Jeans,Men's Casual Shirt,34,"Save ₹1,708 (61%)",Jeans,4.352063913284057,https://m.media-amazon.com/images/I/71CgUTA-ZaL._AC_UL320_.jpg
100,KILLER,Men's Slim Fit Casual Shirt,15,"Save ₹1,947 (59%)",Jeans,3.280041475265697,https://m.media-amazon.com/images/I/71CgUTA-ZaL._AC_UL320_.jpg
101,Wearo,Men's Slim Fit Casual Shirt,389,Save ₹800 (53%),Jeans,4.353604359735997,https://m.media-amazon.com/images/I/71CgUTA-ZaL._AC_UL320_.jpg
102,KILLER,Men's Shirt,6,"Save ₹2,090 (61%)",Jeans,4.703869655341716,https://m.media-amazon.com/images/I/71CgUTA-ZaL._AC_UL320_.jpg
103,Max,Men's Casual Shirt,54,Save ₹171 (34%),Jeans,4.151794498027165,https://m.media-amazon.com/images/I/71CgUTA-ZaL._AC_UL320_.jpg
104,Levi's,Men's Regular Fit Cotton Casual Shirt (White,26,"Save ₹1,173 (35%)",Jeans,4.685620404255162,https://m.media-amazon.com/images/I/71CgUTA-ZaL._AC_UL320_.jpg
105,Lee,Men's Solid Regular Fit Full Sleeve Cotton Casual Shirt (AW-SY-MCS-1127_White_Medium),62,"Save ₹1,480 (59%)",Jeans,3.1692146847614344,https://m.media-amazon.com/images/I/71CgUTA-ZaL._AC_UL320_.jpg
106,Red Tape,Men's Slim fit Casual Shirt,40,"Save ₹3,212 (80%)",Jeans,3.357371341870743,https://m.media-amazon.com/images/I/71CgUTA-ZaL._AC_UL320_.jpg
107,Jack & Jones,Men's Slim fit Casual Shirt,32,"Save ₹1,925 (55%)",Jeans,4.756667046284338,https://m.media-amazon.com/images/I/71CgUTA-ZaL._AC_UL320_.jpg
108,Lee Cooper,Men's Slim fit Casual Shirt,18,"Save ₹1,960 (70%)",Jeans,3.9814757109037986,https://m.media-amazon.com/images/I/71CgUTA-ZaL._AC_UL320_.jpg
109,Jack & Jones,Men's Regular fit Casual Shirt,32,0,Jeans,4.421683199758265,https://m.media-amazon.com/images/I/71CgUTA-ZaL._AC_UL320_.jpg
110,Van Heusen,Men's Shirt,508,Save ₹830 (42%),Jeans,3.545287908110522,https://m.media-amazon.com/images/I/71CgUTA-ZaL._AC_UL320_.jpg
111,Levi's,Men's Slim fit Casual Shirt,5,"Save ₹1,739 (47%)",Jeans,3.5038046273341843,https://m.media-amazon.com/images/I/71CgUTA-ZaL._AC_UL320_.jpg
112,Wrangler,Men's Printed Regular fit Casual Shirt,75,"Save ₹1,457 (58%)",Jeans,4.702814588745718,https://m.media-amazon.com/images/I/71CgUTA-ZaL._AC_UL320_.jpg
113,Pepe Jeans,Men's Checkered Regular fit Casual Shirt,90,90,Jeans,3.468281904538137,https://m.media-amazon.com/images/I/71CgUTA-ZaL._AC_UL320_.jpg
114,Hill Turner,Men's Slim fit Casual Shirt,7,"Save ₹1,900 (76%)",Jeans,3.5658806740153257,https://m.media-amazon.com/images/I/71CgUTA-ZaL._AC_UL320_.jpg
115,M. R. Fashion,Pure Cotton Curved Hemline with Checkered Casual Shirt - for Men,775,Save ₹800 (53%),Jeans,4.870547431651673,https://m.media-amazon.com/images/I/71CgUTA-ZaL._AC_UL320_.jpg
116,Urbano Plus,Men's Rayon Cotton Lining Digital Printed Stitched Half Sleeve ShirtCasual Shirts,123,Save ₹980 (58%),Jeans,3.303165554964023,https://m.media-amazon.com/images/I/71CgUTA-ZaL._AC_UL320_.jpg
117,USPOLO,Men's Solid Regular Casual Shirt,16,"Save ₹1,164 (51%)",Jeans,3.316024103746561,https://m.media-amazon.com/images/I/71CgUTA-ZaL._AC_UL320_.jpg
118,KILLER,Men's Regular Casual Shirt,401,"Save ₹2,275 (65%)",Jeans,4.280472766784098,https://m.media-amazon.com/images/I/71CgUTA-ZaL._AC_UL320_.jpg
119,USPOLO,Men's Slim fit Casual Shirt,21,Save ₹744 (34%),Jeans,3.8196154739832426,https://m.media-amazon.com/images/I/71CgUTA-ZaL._AC_UL320_.jpg
120,Lee Cooper,Men's Regular fit Casual Shirt,25,0,Jeans,3.490098502351278,https://m.media-amazon.com/images/I/71CgUTA-ZaL._AC_UL320_.jpg
121,Pepe Jeans,Men's Slim Shirt,4,"Save ₹1,200 (40%)",Jeans,3.6883743511704754,https://m.media-amazon.com/images/I/71CgUTA-ZaL._AC_UL320_.jpg
122,KILLER,Men's Solid Regular Fit Casual Shirt,2,"Save ₹2,040 (60%)",Jeans,3.950064229894874,https://m.media-amazon.com/images/I/71CgUTA-ZaL._AC_UL320_.jpg
123,Pepe Jeans,Men's Slim Fit Shirt,6,"Save ₹1,933 (59%)",Jeans,3.2462777582902573,https://m.media-amazon.com/images/I/71CgUTA-ZaL._AC_UL320_.jpg
124,Ben Martin,Men's Regular fit Casual Shirt,166,"Save ₹1,350 (68%)",Jeans,3.4559726273856564,https://m.media-amazon.com/images/I/71CgUTA-ZaL._AC_UL320_.jpg
125,Levi's,Men's Slim fit Casual Shirt,1,"Save ₹2,250 (45%)",Jeans,4.1598550421499025,https://m.media-amazon.com/images/I/71CgUTA-ZaL._AC_UL320_.jpg
126,FITINC,Men's Solid Regular Fit Full Sleeve Cotton Casual Shirt (AW-SY-MCS-1131_Black_Large),"2,890",Save ₹450 (38%),Jeans,3.658953658892811,https://m.media-amazon.com/images/I/71CgUTA-ZaL._AC_UL320_.jpg
127,Levi's,Men's Slim Fit Casual Shirt,16,"Save ₹1,428 (51%)",Jeans,4.507823450392306,https://m.media-amazon.com/images/I/71CgUTA-ZaL._AC_UL320_.jpg
128,US Polo Association,Men's Checkered Regular Fit Full Sleeve Cotton Casual Shirt (AW19-HSSH-11_40025-A_White_M),37,37,Jeans,3.3591648843509248,https://m.media-amazon.com/images/I/71CgUTA-ZaL._AC_UL320_.jpg
129,US Polo Association,Men's Cotton Ethnic Pattern Digital Printed Casual Short Sleeve Shirts Full Stiched,4,"Save ₹1,081 (47%)",Jeans,3.9352674458621344,https://m.media-amazon.com/images/I/71CgUTA-ZaL._AC_UL320_.jpg
130,M. R. Fashion,Men's Checkered Slim Fit Casual Shirt,106,Save ₹800 (53%),Jeans,3.193363983276482,https://m.media-amazon.com/images/I/71CgUTA-ZaL._AC_UL320_.jpg
131,Bare Denim,Men's Regular Fit Full Sleeve Casual Shirt,13,Save ₹825 (55%),Jeans,3.426154535769877,https://m.media-amazon.com/images/I/71CgUTA-ZaL._AC_UL320_.jpg
132,Pepe Jeans,Men's Slim fit Casual Shirt,1,"Save ₹2,204 (58%)",Jeans,3.3694597158148563,https://m.media-amazon.com/images/I/71CgUTA-ZaL._AC_UL320_.jpg
133,Ben Martin,Men's Slim Fit Shirt,27,"Save ₹1,850 (74%)",Jeans,4.404544564543237,https://m.media-amazon.com/images/I/71CgUTA-ZaL._AC_UL320_.jpg
134,Red Tape,Men's Solid Regular Fit Full Sleeve Cotton Casual Shirt (AW-SY-MCS-1127_White_Small),7,"Save ₹3,290 (70%)",Jeans,3.667621532060701,https://m.media-amazon.com/images/I/71CgUTA-ZaL._AC_UL320_.jpg
135,Levi's,Men's Solid Regular Fit Full Sleeve Cotton Casual Shirt (AZ-SY-RR-14A_Sky Blue_Medium),1,"Save ₹2,880 (48%)",Jeans,4.946655971534436,https://m.media-amazon.com/images/I/71CgUTA-ZaL._AC_UL320_.jpg
136,Levi's,Men's Regular Casual Shirt,11,"Save ₹2,182 (51%)",Jeans,3.030392977879459,https://m.media-amazon.com/images/I/71CgUTA-ZaL._AC_UL320_.jpg
137,Pepe Jeans,Men's Checkered Regular fit Casual Shirt,332,"Save ₹1,400 (50%)",Jeans,4.778454312987052,https://m.media-amazon.com/images/I/71CgUTA-ZaL._AC_UL320_.jpg
138,Wrangler,Men's Regular Fit Casual Shirt,98,"Save ₹1,457 (58%)",Jeans,3.863099047898462,https://m.media-amazon.com/images/I/71CgUTA-ZaL._AC_UL320_.jpg
139,KILLER,Men's Slim fit Casual Shirt,3,"Save ₹1,736 (56%)",Jeans,4.638743454409154,https://m.media-amazon.com/images/I/71CgUTA-ZaL._AC_UL320_.jpg
140,Deniklo,Men's Slim fit Casual Shirt,163,"Save ₹1,962 (75%)",Jeans,4.357977882103908,https://m.media-amazon.com/images/I/71CgUTA-ZaL._AC_UL320_.jpg
141,Amazon Brand - Symbol,Men's Checkered Regular Fit Full Sleeve Cotton Casual Shirt (AZ-SY-RR01_S0103_Yellow&White_Large),1,"Save ₹1,510 (66%)",Jeans,3.229090246554778,https://m.media-amazon.com/images/I/71CgUTA-ZaL._AC_UL320_.jpg
142,Lawson,Men's Regular Casual Shirt,46,"Save ₹2,704 (75%)",Jeans,3.0048622280890296,https://m.media-amazon.com/images/I/71CgUTA-ZaL._AC_UL320_.jpg
143,M. R. Fashion,Men Casual Shirt,46,Save ₹850 (57%),Jeans,3.974443152957714,https://m.media-amazon.com/images/I/71CgUTA-ZaL._AC_UL320_.jpg
144,Jockey,Men's Slim Fit Casual Shirt,"2,090",Save ₹275 (29%),Short,4.075647936726169,https://m.media-amazon.com/images/I/61tgkxiMymL._AC_UL320_.jpg
145,Jockey,Men's Checkered Slim Fit Casual Shirt,"5,243","5,243",Short,3.598540545859328,https://m.media-amazon.com/images/I/61tgkxiMymL._AC_UL320_.jpg
146,Van Heusen Athleisure,Men's Solid Slim Fit Casual Shirt,"5,558","5,558",Short,4.013737043466284,https://m.media-amazon.com/images/I/61tgkxiMymL._AC_UL320_.jpg
147,Amazon Brand - Symbol,Men's Casual Shirt,"1,442",Save ₹790 (56%),Short,4.067281090232214,https://m.media-amazon.com/images/I/61tgkxiMymL._AC_UL320_.jpg
148,GUIDE,Men's Slim Fit Casual Shirt,340,Save ₹857 (54%),Short,4.452936541594086,https://m.media-amazon.com/images/I/61tgkxiMymL._AC_UL320_.jpg
149,Bumchums,Men's Slim Fit Casual Shirt,655,Save ₹200 (20%),Short,3.301669113788381,https://m.media-amazon.com/images/I/61tgkxiMymL._AC_UL320_.jpg
150,Van Heusen Athleisure,Men's Shirt,"1,621","1,621",Short,4.816818961418166,https://m.media-amazon.com/images/I/61tgkxiMymL._AC_UL320_.jpg
151,Van Heusen,Men's Casual Shirt,617,0,Short,3.1312902843528,https://m.media-amazon.com/images/I/61tgkxiMymL._AC_UL320_.jpg
152,Jockey,Men's Regular Fit Cotton Casual Shirt (White,717,Save ₹180 (20%),Short,3.51259015884982,https://m.media-amazon.com/images/I/61tgkxiMymL._AC_UL320_.jpg
153,Diverse,Men's Solid Regular Fit Full Sleeve Cotton Casual Shirt (AW-SY-MCS-1127_White_Medium),295,Save ₹560 (47%),Short,4.968904440901764,https://m.media-amazon.com/images/I/61tgkxiMymL._AC_UL320_.jpg
154,Style n feel,Men's Slim fit Casual Shirt,185,Save ₹902 (53%),Short,4.408829616301313,https://m.media-amazon.com/images/I/61tgkxiMymL._AC_UL320_.jpg
155,VEGO,Men's Slim fit Casual Shirt,560,Save ₹471 (48%),Short,4.723757382215755,https://m.media-amazon.com/images/I/61tgkxiMymL._AC_UL320_.jpg
156,Jockey,Men's Slim fit Casual Shirt,"1,059","1,059",Short,3.8266832258881758,https://m.media-amazon.com/images/I/61tgkxiMymL._AC_UL320_.jpg
157,Neo Garments,Men's Regular fit Casual Shirt,935,"Save ₹1,650 (83%)",Short,4.237082764562037,https://m.media-amazon.com/images/I/61tgkxiMymL._AC_UL320_.jpg
158,MARK LOUIIS,Men's Shirt,965,Save ₹454 (51%),Short,3.599428976492847,https://m.media-amazon.com/images/I/61tgkxiMymL._AC_UL320_.jpg
159,VEGO,Men's Slim fit Casual Shirt,443,Save ₹471 (48%),Short,3.5374127686547725,https://m.media-amazon.com/images/I/61tgkxiMymL._AC_UL320_.jpg
160,Van Heusen Athleisure,Men's Printed Regular fit Casual Shirt,732,Save ₹20 (3%),Short,4.454510654786848,https://m.media-amazon.com/images/I/61tgkxiMymL._AC_UL320_.jpg
161,GUIDE,Men's Checkered Regular fit Casual Shirt,384,Save ₹552 (55%),Short,3.21814433861928,https://m.media-amazon.com/images/I/61tgkxiMymL._AC_UL320_.jpg
162,VEGO,Men's Slim fit Casual Shirt,"1,622",Save ₹471 (48%),Short,3.7741567051164497,https://m.media-amazon.com/images/I/61tgkxiMymL._AC_UL320_.jpg
163,Van Heusen Athleisure,Pure Cotton Curved Hemline with Checkered Casual Shirt - for Men,98,Save ₹65 (10%),Short,3.323259692177683,https://m.media-amazon.com/images/I/61tgkxiMymL._AC_UL320_.jpg
164,TIRUPUR GUIDEFASHION,Men's Rayon Cotton Lining Digital Printed Stitched Half Sleeve ShirtCasual Shirts,"1,631",Save ₹866 (54%),Short,4.293714817748991,https://m.media-amazon.com/images/I/61tgkxiMymL._AC_UL320_.jpg
165,Bumchums,Men's Solid Regular Casual Shirt,105,Save ₹124 (23%),Short,4.037221903441974,https://m.media-amazon.com/images/I/61tgkxiMymL._AC_UL320_.jpg
166,Dia A Dia,Men's Regular Casual Shirt,24,"Save ₹1,300 (65%)",Short,4.548936253787261,https://m.media-amazon.com/images/I/61tgkxiMymL._AC_UL320_.jpg
167,Jockey,Men's Slim fit Casual Shirt,309,Save ₹47 (5%),Short,3.9860029271680357,https://m.media-amazon.com/images/I/61tgkxiMymL._AC_UL320_.jpg
168,Amazon Brand - Inkast Denim Co.,Men's Regular fit Casual Shirt,53,"Save ₹1,250 (78%)",Short,3.4651522582268823,https://m.media-amazon.com/images/I/61tgkxiMymL._AC_UL320_.jpg
169,Amazon Brand - Symbol,Men's Slim Shirt,326,"Save ₹1,150 (68%)",Short,4.683243187957833,https://m.media-amazon.com/images/I/61tgkxiMymL._AC_UL320_.jpg
170,Amazon Brand - House & Shields,Men's Solid Regular Fit Casual Shirt,223,"Save ₹1,580 (75%)",Short,4.923590301291378,https://m.media-amazon.com/images/I/61tgkxiMymL._AC_UL320_.jpg
171,CHECKERSBAY,Men's Slim Fit Shirt,403,"Save ₹1,802 (67%)",Short,4.49677186937953,https://m.media-amazon.com/images/I/61tgkxiMymL._AC_UL320_.jpg
172,Jockey,Men's Regular fit Casual Shirt,214,Save ₹73 (10%),Short,3.2192811331953433,https://m.media-amazon.com/images/I/61tgkxiMymL._AC_UL320_.jpg
173,NETCLICK,Men's Slim fit Casual Shirt,40,Save ₹250 (25%),Short,3.2114904387374157,https://m.media-amazon.com/images/I/61tgkxiMymL._AC_UL320_.jpg
174,Amazon Brand - Symbol,Men's Solid Regular Fit Full Sleeve Cotton Casual Shirt (AW-SY-MCS-1131_Black_Large),56,"Save ₹1,290 (68%)",Short,3.3683582968746246,https://m.media-amazon.com/images/I/61tgkxiMymL._AC_UL320_.jpg
175,VEGO,Men's Slim Fit Casual Shirt,289,Save ₹461 (47%),Short,3.848422627816114,https://m.media-amazon.com/images/I/61tgkxiMymL._AC_UL320_.jpg
176,Amazon Brand - House & Shields,Men's Checkered Regular Fit Full Sleeve Cotton Casual Shirt (AW19-HSSH-11_40025-A_White_M),613,"Save ₹1,450 (73%)",Short,4.402481846641691,https://m.media-amazon.com/images/I/61tgkxiMymL._AC_UL320_.jpg
177,Amazon Brand - Symbol,Men's Cotton Ethnic Pattern Digital Printed Casual Short Sleeve Shirts Full Stiched,"1,088",Save ₹700 (58%),Short,3.9693573721656525,https://m.media-amazon.com/images/I/61tgkxiMymL._AC_UL320_.jpg
178,Amazon Brand - Symbol,Men's Checkered Slim Fit Casual Shirt,491,Save ₹860 (61%),Short,4.59110637282357,https://m.media-amazon.com/images/I/61tgkxiMymL._AC_UL320_.jpg
179,Dixcy Scott,Men's Regular Fit Full Sleeve Casual Shirt,554,Save ₹67 (15%),Short,4.0729266260924035,https://m.media-amazon.com/images/I/61tgkxiMymL._AC_UL320_.jpg
180,VEGO,Men's Slim fit Casual Shirt,525,Save ₹471 (48%),Short,3.2257295564543247,https://m.media-amazon.com/images/I/61tgkxiMymL._AC_UL320_.jpg
181,Van Heusen Athleisure,Men's Slim Fit Shirt,626,Save ₹28 (4%),Short,3.844209649191665,https://m.media-amazon.com/images/I/61tgkxiMymL._AC_UL320_.jpg
182,Jockey,Men's Solid Regular Fit Full Sleeve Cotton Casual Shirt (AW-SY-MCS-1127_White_Small),"1,342",Save ₹77 (8%),Short,3.3090603881301988,https://m.media-amazon.com/images/I/61tgkxiMymL._AC_UL320_.jpg
183,EASYBUY,Men's Solid Regular Fit Full Sleeve Cotton Casual Shirt (AZ-SY-RR-14A_Sky Blue_Medium),25,25,Short,4.175295625540073,https://m.media-amazon.com/images/I/61tgkxiMymL._AC_UL320_.jpg
184,VEGO,Men's Regular Casual Shirt,575,Save ₹461 (47%),Short,3.8702261782524783,https://m.media-amazon.com/images/I/61tgkxiMymL._AC_UL320_.jpg
185,VEGO,Men's Checkered Regular fit Casual Shirt,"1,203",Save ₹471 (48%),Short,4.36473900854725,https://m.media-amazon.com/images/I/61tgkxiMymL._AC_UL320_.jpg
186,Van Heusen Athleisure,Men's Regular Fit Casual Shirt,889,Save ₹21 (3%),Short,4.13231929388337,https://m.media-amazon.com/images/I/61tgkxiMymL._AC_UL320_.jpg
187,US Polo Association,Men's Slim fit Casual Shirt,"2,407",Save ₹140 (18%),Short,3.8562765062987356,https://m.media-amazon.com/images/I/61tgkxiMymL._AC_UL320_.jpg
188,TIRUPUR GUIDEFASHION,Men's Slim fit Casual Shirt,919,Save ₹866 (54%),Short,4.686041432953203,https://m.media-amazon.com/images/I/61tgkxiMymL._AC_UL320_.jpg
189,Motus,Men's Checkered Regular Fit Full Sleeve Cotton Casual Shirt (AZ-SY-RR01_S0103_Yellow&White_Large),770,Save ₹880 (52%),Short,3.863737441210315,https://m.media-amazon.com/images/I/61tgkxiMymL._AC_UL320_.jpg
190,Amazon Brand - Symbol,Men's Regular Casual Shirt,81,Save ₹700 (58%),Short,4.999326962103475,https://m.media-amazon.com/images/I/61tgkxiMymL._AC_UL320_.jpg
191,Red Tape,Men Casual Shirt,23,"Save ₹1,720 (75%)",Short,3.612942423938104,https://m.media-amazon.com/images/I/61tgkxiMymL._AC_UL320_.jpg
192,Amazon Brand - Symbol,Men's Carrot Relaxed Jeans,951,"Save ₹1,360 (68%)",Casual_Trousers,4.816062341818068,https://m.media-amazon.com/images/I/61M1CLDiEiL._AC_UL320_.jpg
193,Levi's,Men's Straight Fit Jeans,2,Save ₹600 (25%),Casual_Trousers,4.492957752010001,https://m.media-amazon.com/images/I/61M1CLDiEiL._AC_UL320_.jpg
194,Amazon Brand - Symbol,Men's Slim Fit Jeans,"1,036","Save ₹1,640 (66%)",Casual_Trousers,4.26903131154195,https://m.media-amazon.com/images/I/61M1CLDiEiL._AC_UL320_.jpg
195,Amazon Brand - Inkast Denim Co.,Men's (Holborne) Regular Fit Straight Leg Jeans,47,"Save ₹1,500 (75%)",Casual_Trousers,4.273913907687648,https://m.media-amazon.com/images/I/61M1CLDiEiL._AC_UL320_.jpg
196,VERSATYL,Men's Slim Jeans,18,"Save ₹1,001 (50%)",Casual_Trousers,3.7585246913640002,https://m.media-amazon.com/images/I/61M1CLDiEiL._AC_UL320_.jpg
197,Arrow Sports,Men's Regular Fit Jeans,8,"Save ₹1,000 (50%)",Casual_Trousers,4.907836528761166,https://m.media-amazon.com/images/I/61M1CLDiEiL._AC_UL320_.jpg
198,Amazon Brand - Inkast Denim Co.,Men's Slim Jeans,601,"Save ₹1,520 (69%)",Casual_Trousers,3.435310221811989,https://m.media-amazon.com/images/I/61M1CLDiEiL._AC_UL320_.jpg
199,US Polo Association,Stonewashed Slim Fit Jeans,95,Save ₹840 (40%),Casual_Trousers,4.445549775161041,https://m.media-amazon.com/images/I/61M1CLDiEiL._AC_UL320_.jpg
200,BEEVEE,Men's Straight Fit Regular Jeans,212,Save ₹289 (17%),Casual_Trousers,4.948290261664846,https://m.media-amazon.com/images/I/61M1CLDiEiL._AC_UL320_.jpg
201,Amazon Brand - Inkast Denim Co.,Men's Skinny Fit Denim Jeans,31,"Save ₹1,340 (67%)",Casual_Trousers,4.988131380349568,https://m.media-amazon.com/images/I/61M1CLDiEiL._AC_UL320_.jpg
202,US Polo Association,Men's Skinny Fit Jeans,73,Save ₹840 (40%),Casual_Trousers,3.6482690985179316,https://m.media-amazon.com/images/I/61M1CLDiEiL._AC_UL320_.jpg
203,Amazon Brand - House & Shields,Men's Slim Fit Jeans,233,"Save ₹1,315 (66%)",Casual_Trousers,4.110479751455374,https://m.media-amazon.com/images/I/61M1CLDiEiL._AC_UL320_.jpg
204,Amazon Brand - Symbol,Men's Skinny Fit Jeans,2,"Save ₹1,260 (66%)",Casual_Trousers,3.918465150294845,https://m.media-amazon.com/images/I/61M1CLDiEiL._AC_UL320_.jpg
205,US Polo Association,Men's Slim Fit Jeans,1,"Save ₹1,008 (48%)",Casual_Trousers,4.3880899699614755,https://m.media-amazon.com/images/I/61M1CLDiEiL._AC_UL320_.jpg
206,US Polo Association,Men's Drop Crotch Skinny Jeans,38,"Save ₹1,153 (48%)",Casual_Trousers,4.124332276694135,https://m.media-amazon.com/images/I/61M1CLDiEiL._AC_UL320_.jpg
207,US Polo Association,Men's Boyfriend Slim Jeans,8,"Save ₹1,299 (52%)",Casual_Trousers,3.8625527234072257,https://m.media-amazon.com/images/I/61M1CLDiEiL._AC_UL320_.jpg
208,Arrow Sports,Men's Skinny Fit Jeans,26,"Save ₹1,608 (67%)",Casual_Trousers,3.3207244850601696,https://m.media-amazon.com/images/I/61M1CLDiEiL._AC_UL320_.jpg
209,US Polo Association,Men's Relaxed Fit Jeans,13,"Save ₹1,056 (44%)",Casual_Trousers,3.999844556136959,https://m.media-amazon.com/images/I/61M1CLDiEiL._AC_UL320_.jpg
210,Amazon Brand - Symbol,Regular Men Jeans | Men fit Jeans |Denim Jeans | Men Stretchable Jeans | Cotton Jean for Men,286,"Save ₹1,275 (64%)",Casual_Trousers,3.2453035666396497,https://m.media-amazon.com/images/I/61M1CLDiEiL._AC_UL320_.jpg
211,Arrow Sports,M R Fashion Men's Regular Fit Stretch Jeans (Black),19,"Save ₹1,000 (50%)",Casual_Trousers,3.0075378988645634,https://m.media-amazon.com/images/I/61M1CLDiEiL._AC_UL320_.jpg
212,Urban Legends,Men's Black Regular Fit Denim Jeans Stretchable,13,"Save ₹3,000 (75%)",Casual_Trousers,3.8474335831955013,https://m.media-amazon.com/images/I/61M1CLDiEiL._AC_UL320_.jpg
213,US Polo Association,Men's Slim Fit Jeans,16,Save ₹949 (50%),Casual_Trousers,4.715896889954297,https://m.media-amazon.com/images/I/61M1CLDiEiL._AC_UL320_.jpg
214,US Polo Association,FASH Mens Jeans Slim,49,Save ₹840 (40%),Casual_Trousers,3.706707705739887,https://m.media-amazon.com/images/I/61M1CLDiEiL._AC_UL320_.jpg
215,Peter England,Men's Skinny Fit Jeans,2,Save ₹692 (43%),Casual_Trousers,3.6567678200499305,https://m.media-amazon.com/images/I/61M1CLDiEiL._AC_UL320_.jpg
216,Reebok,Men's Boyfriend Regular Jeans,10,Save ₹602 (35%),Casual_Trousers,3.6883045664535823,https://m.media-amazon.com/images/I/61M1CLDiEiL._AC_UL320_.jpg
217,Arrow Sports,Men's Relaxed Fit Jeans,13,"Save ₹1,000 (50%)",Casual_Trousers,4.181948908786107,https://m.media-amazon.com/images/I/61M1CLDiEiL._AC_UL320_.jpg
218,US Polo Association,Men's Skinny Jeans,5,"Save ₹1,199 (50%)",Casual_Trousers,3.517770212275339,https://m.media-amazon.com/images/I/61M1CLDiEiL._AC_UL320_.jpg
219,Levi's,Men's Slim fit Jeans,1,"Save ₹1,152 (48%)",Casual_Trousers,3.9304772578309284,https://m.media-amazon.com/images/I/61M1CLDiEiL._AC_UL320_.jpg
220,Amazon Brand - Symbol,Men's,9,"Save ₹1,260 (66%)",Casual_Trousers,4.438439449570568,https://m.media-amazon.com/images/I/61M1CLDiEiL._AC_UL320_.jpg
221,Allen Solly,Men's Slim Fit Jeans,22,Save ₹419 (21%),Casual_Trousers,3.9256608110319577,https://m.media-amazon.com/images/I/61M1CLDiEiL._AC_UL320_.jpg
222,Peter England,Men's Gym & Yoga Wear Stretchable Trackpant with Two Zipper Pockets,227,0,Casual_Trousers,3.5606478989025208,https://m.media-amazon.com/images/I/61M1CLDiEiL._AC_UL320_.jpg
223,LABROZ,Men's Skinny Fit Jeans,9,"Save ₹1,420 (59%)",Casual_Trousers,3.048850724665995,https://m.media-amazon.com/images/I/61M1CLDiEiL._AC_UL320_.jpg
224,Ruggers by Unlimited,Men's Slim Fit Jeans,57,Save ₹200 (20%),Casual_Trousers,4.281626930692047,https://m.media-amazon.com/images/I/61M1CLDiEiL._AC_UL320_.jpg
225,Arrow,"Men's Brandon Slim TAPAREDRinse washBlue, 28 Skinny Jeans",13,0,Casual_Trousers,3.2112963626851556,https://m.media-amazon.com/images/I/61M1CLDiEiL._AC_UL320_.jpg
226,spykar,Men's Regular Fit Stretchable Denim Jeans,5,"Save ₹1,620 (60%)",Casual_Trousers,4.186259708773368,https://m.media-amazon.com/images/I/61M1CLDiEiL._AC_UL320_.jpg
227,Amazon Brand - Inkast Denim Co.,Men's Denim Western Jeans,21,"Save ₹1,340 (67%)",Casual_Trousers,4.5832834756264775,https://m.media-amazon.com/images/I/61M1CLDiEiL._AC_UL320_.jpg
228,Levi's,Men's Slim Fit Jeans,2,"Save ₹1,995 (57%)",Casual_Trousers,3.6986607377492557,https://m.media-amazon.com/images/I/61M1CLDiEiL._AC_UL320_.jpg
229,Monte Carlo,Men's Regular Fit Denim Jeans(BM-JNS-.LIGHTGREY),1,Save ₹796 (42%),Casual_Trousers,3.9298230262705767,https://m.media-amazon.com/images/I/61M1CLDiEiL._AC_UL320_.jpg
230,Keyur,Men's Skinny Fit Jeans,4,Save ₹730 (52%),Casual_Trousers,3.8458589359341193,https://m.media-amazon.com/images/I/61M1CLDiEiL._AC_UL320_.jpg
231,Twist99,Men's Slim Fit Jeans,1,Save ₹500 (33%),Casual_Trousers,4.19792428816656,https://m.media-amazon.com/images/I/61M1CLDiEiL._AC_UL320_.jpg
232,blackberrys,Men's Tapered Fit Jeans,15,"Save ₹1,046 (48%)",Casual_Trousers,3.232592988798892,https://m.media-amazon.com/images/I/61M1CLDiEiL._AC_UL320_.jpg
233,Amazon Brand - Symbol,Men Grey Jeans,1,"Save ₹1,260 (66%)",Casual_Trousers,4.295128829679264,https://m.media-amazon.com/images/I/61M1CLDiEiL._AC_UL320_.jpg
234,US Polo Association,Men's Skinny Fit Jeans,73,"Save ₹1,149 (50%)",Casual_Trousers,3.8686624815377195,https://m.media-amazon.com/images/I/61M1CLDiEiL._AC_UL320_.jpg
235,Van Heusen,Men's Slim Jeans,15,Save ₹816 (48%),Casual_Trousers,4.630788739265672,https://m.media-amazon.com/images/I/61M1CLDiEiL._AC_UL320_.jpg
236,RUACE,Men's Slim Fit Jeans,82,82,Casual_Trousers,4.472320373350177,https://m.media-amazon.com/images/I/61M1CLDiEiL._AC_UL320_.jpg
237,Pepe Jeans,Men's Slim Fit Jeans,4,"Save ₹1,600 (64%)",Casual_Trousers,3.1382477313401274,https://m.media-amazon.com/images/I/61M1CLDiEiL._AC_UL320_.jpg
238,Amazon Brand - Inkast Denim Co.,Men's Skinny Fit Jeans,34,"Save ₹1,340 (67%)",Casual_Trousers,4.150576863545051,https://m.media-amazon.com/images/I/61M1CLDiEiL._AC_UL320_.jpg
239,US Polo Association,Wearo Men's Wear Relax Fit Stretch Denim Jeans Olive Green,111,Save ₹144 (14%),Casual_Trousers,3.106212145836222,https://m.media-amazon.com/images/I/61M1CLDiEiL._AC_UL320_.jpg
