gender,category,image,brand,description,price,rating
F,women-kurtas-kurtis-suits,"https://assets.myntassets.com/dpr_2,q_60,w_210,c_limit,fl_progressive/assets/images/13791608/2021/3/26/c5c0816a-e198-4898-a5ed-0fce77cf6a8c1616739117521-Anouk-Women-Peach-Coloured-Embroidered-Kurta-with-Palazzos-8-1.jpg",Anouk,Embroidered Kurta with Palazzos,Rs. 1154,4.7
F,women-kurtas-kurtis-suits,"https://assets.myntassets.com/dpr_2,q_60,w_210,c_limit,fl_progressive/assets/images/12974304/2021/8/10/c80ae140-f9e7-4666-821b-87db35a8c2451628559627141-GoSriKi-Women-Red--Golden-Printed-Kurta-with-Trousers--Dupat-1.jpg",GoSriKi,Printed Kurta with Trousers & Dupatta,Rs. 965,4.3
F,women-kurtas-kurtis-suits,"https://assets.myntassets.com/dpr_2,q_60,w_210,c_limit,fl_progressive/assets/images/productimage/2021/5/29/74fdcee4-a8b0-4b36-b563-a079d5ca99391622263128893-1.jpg",Libas,Women Kurti with Trousers With Dupatta,Rs. 1349,3.0
F,women-kurtas-kurtis-suits,"https://assets.myntassets.com/dpr_2,q_60,w_210,c_limit,fl_progressive/assets/images/2110558/2018/4/13/11523617167748-Vishudh-Women-Black--Gold-Toned-Printed-Straight-Kurta-9041523617167566-1.jpg",Vishudh,Printed Straight Kurta,Rs. 482,3.3
F,women-kurtas-kurtis-suits,"https://assets.myntassets.com/dpr_2,q_60,w_210,c_limit,fl_progressive/assets/images/13791594/2021/3/22/befc45f5-b214-4ff4-8138-fb911f6bc2af1616412038099-Anouk-Women-Kurta-Sets-8481616412037272-1.jpg",Anouk,Printed Kurta with Palazzos,Rs. 989,3.4
F,women-kurtas-kurtis-suits,"https://assets.myntassets.com/dpr_2,q_60,w_210,c_limit,fl_progressive/assets/images/14861606/2021/8/24/5b8370d9-0e9f-40b8-b83c-414cb23d67911629789855433-mokshi-Women-Kurta-Sets-4751629789854873-1.jpg",mokshi,Pretty Pink Solid Kurta Set,Rs. 924,4.2
F,women-kurtas-kurtis-suits,"https://assets.myntassets.com/dpr_2,q_60,w_210,c_limit,fl_progressive/assets/images/14046594/2021/7/9/b097caa8-6f83-4ffc-aeca-9e154e39a9731625806322462-Libas-Women-Navy-Blue--Yellow-Floral-Printed-Pure-Cotton-Kur-1.jpg",Libas,Cotton Floral Print Kurta Sets,Rs. 1799,3.1
F,women-kurtas-kurtis-suits,"https://assets.myntassets.com/dpr_2,q_60,w_210,c_limit,fl_progressive/assets/images/9438657/2019/5/8/5f44fbff-658c-40f2-ae17-4ae52b7381e31557297223910-AASI---HOUSE-OF-NAYO-Women-Black--Mustard-Solid-Kurta-with-T-1.jpg",AASI - HOUSE OF NAYO,Women Solid Kurta with Trousers & Dupatta,Rs. 1259,3.1
F,women-kurtas-kurtis-suits,"https://assets.myntassets.com/dpr_2,q_60,w_210,c_limit,fl_progressive/assets/images/14485336/2021/7/21/e1730300-0c1f-4435-8ddb-03324d8c94c71626847991917-Fabindia-Women-Kurta-Sets-9931626847991206-1.jpg",Fabindia,Yoke Design Kurta with Sharara,,4.6
F,women-kurtas-kurtis-suits,"https://assets.myntassets.com/dpr_2,q_60,w_210,c_limit,fl_progressive/assets/images/13515828/2021/3/9/3c9ae2a6-d702-460e-8112-fe9327794a891615295030445IndoEraNavyBlueSolidStraightKurtaTrouserWithDupattaSets1.jpg",Indo Era,Printed Kurta with Trousers & Dupatta,Rs. 1199,3.3
F,women-kurtas-kurtis-suits,"https://assets.myntassets.com/dpr_2,q_60,w_210,c_limit,fl_progressive/assets/images/13902678/2021/4/6/a5dfcb9a-af2a-4ed8-98bf-e10a8b3b5a891617704827106-Anouk-Women-Kurta-Sets-911617704825967-1.jpg",Anouk,Yoke Design Kurta with Trousers & Dupatta,Rs. 1249,4.0
F,ethnic-tops,"https://assets.myntassets.com/dpr_2,q_60,w_210,c_limit,fl_progressive/assets/images/13321352/2021/3/18/42c821ec-4304-4fb9-8c1a-429f0174ab2c1616066315308-Sangria-Women-Tops-2791616066314267-1.jpg",Sangria,Women Embroidered Top,Rs. 384,3.4
F,ethnic-tops,"https://assets.myntassets.com/dpr_2,q_60,w_210,c_limit,fl_progressive/assets/images/12135338/2020/8/26/55ea1acb-0c7e-488e-935c-2d409625dc0a1598441259616-Anouk-Women-Tops-5571598441256852-1.jpg",Anouk,Printed Bell Sleeved Pure Cotton Top,Rs. 549,3.7
F,ethnic-tops,"https://assets.myntassets.com/dpr_2,q_60,w_210,c_limit,fl_progressive/assets/images/12015568/2020/8/7/9a9cbafc-1d1d-4ad4-b92f-b5528dbba4f11596780857661-Womens-Cotton-Floral-Print-Regular-Wear-Top-Maroon-614159678-1.jpg",kipek,Floral Tie-Up Sleeve Pure Cotton Top,Rs. 674,4.4
F,ethnic-tops,"https://assets.myntassets.com/dpr_2,q_60,w_210,c_limit,fl_progressive/assets/images/11536922/2020/2/26/1697bdb1-51a3-4241-b0b6-3d56e16a5d4c1582712767476-Sangria-Women-Tops-3581582712765534-1.jpg",Sangria,Printed Shirt Style Pure Cotton Top,Rs. 779,3.8
F,ethnic-tops,"https://assets.myntassets.com/dpr_2,q_60,w_210,c_limit,fl_progressive/assets/images/productimage/2021/2/18/7b5407c6-a21a-4f50-97e2-ca69852707dc1613628907088-1.jpg",Tissu,Women Floral Printed Straight Kurti,Rs. 599,3.6
F,ethnic-tops,"https://assets.myntassets.com/dpr_2,q_60,w_210,c_limit,fl_progressive/assets/images/14872882/2021/8/24/ee1d7e2c-9822-48c6-b758-de58c6ae83711629786963335-mokshi-Women-Tops-6501629786962862-1.jpg",mokshi,Ethnic Kaftan Longline Top,Rs. 629,3.9
F,ethnic-tops,"https://assets.myntassets.com/dpr_2,q_60,w_210,c_limit,fl_progressive/assets/images/8349519/2019/4/15/e1b4c665-bc8a-4a7f-92dd-4a130fbf6ac61555321024571-Band-Collar-34Th-Sleeves-Ikkat-Printed-Top-7951555321023194-1.jpg",Sangria,Printed A-Line Pure Cotton Top,Rs. 779,3.5
F,ethnic-tops,"https://assets.myntassets.com/dpr_2,q_60,w_210,c_limit,fl_progressive/assets/images/productimage/2020/2/13/424aeb8c-402f-4403-9e43-da5840f460471581546881206-1.jpg",INDYA,Top with Attached Dupatta,Rs. 850,4.4
F,ethnic-tops,"https://assets.myntassets.com/dpr_2,q_60,w_210,c_limit,fl_progressive/assets/images/10999568/2019/12/5/d69d94c3-ac38-4c0f-8f80-eb452ffd09041575534404501-Ira-Soleil-Women-Pink--Gold-Coloured-Printed-Peplum-Top-5271-1.jpg",Ira Soleil,Printed Peplum Top,Rs. 899,3.4
F,ethnic-tops,"https://assets.myntassets.com/dpr_2,q_60,w_210,c_limit,fl_progressive/assets/images/productimage/2021/1/20/13123384-5f71-42f6-8b80-e16fa9cdf2ae1611144217441-1.jpg",Vishudh,Women Printed Tunic,Rs. 406,4.6
F,ethnic-tops,"https://assets.myntassets.com/dpr_2,q_60,w_210,c_limit,fl_progressive/assets/images/11615254/2020/3/13/f6f7ba30-eac1-412e-b420-413adc39e9bb1584086470519-Inddus-Women-Tops-481584086468643-1.jpg",Inddus,Floral Embroidered Crop Top,Rs. 1484,4.8
F,women-ethnic-wear,"https://assets.myntassets.com/dpr_2,q_60,w_210,c_limit,fl_progressive/assets/images/13791608/2021/3/26/c5c0816a-e198-4898-a5ed-0fce77cf6a8c1616739117521-Anouk-Women-Peach-Coloured-Embroidered-Kurta-with-Palazzos-8-1.jpg",Anouk,Embroidered Kurta with Palazzos,Rs. 1154,4.1
F,women-ethnic-wear,"https://assets.myntassets.com/dpr_2,q_60,w_210,c_limit,fl_progressive/assets/images/12974304/2021/8/10/c80ae140-f9e7-4666-821b-87db35a8c2451628559627141-GoSriKi-Women-Red--Golden-Printed-Kurta-with-Trousers--Dupat-1.jpg",GoSriKi,Printed Kurta with Trousers & Dupatta,Rs. 965,4.8
F,women-ethnic-wear,"https://assets.myntassets.com/dpr_2,q_60,w_210,c_limit,fl_progressive/assets/images/2110558/2018/4/13/11523617167748-Vishudh-Women-Black--Gold-Toned-Printed-Straight-Kurta-9041523617167566-1.jpg",Vishudh,Printed Straight Kurta,Rs. 482,3.5
F,women-ethnic-wear,"https://assets.myntassets.com/dpr_2,q_60,w_210,c_limit,fl_progressive/assets/images/13791594/2021/3/22/befc45f5-b214-4ff4-8138-fb911f6bc2af1616412038099-Anouk-Women-Kurta-Sets-8481616412037272-1.jpg",Anouk,Printed Kurta with Palazzos,Rs. 989,4.1
F,women-ethnic-wear,"https://assets.myntassets.com/dpr_2,q_60,w_210,c_limit,fl_progressive/assets/images/14046594/2021/7/9/b097caa8-6f83-4ffc-aeca-9e154e39a9731625806322462-Libas-Women-Navy-Blue--Yellow-Floral-Printed-Pure-Cotton-Kur-1.jpg",Libas,Cotton Floral Print Kurta Sets,Rs. 1799,4.7
F,women-ethnic-wear,"https://assets.myntassets.com/dpr_2,q_60,w_210,c_limit,fl_progressive/assets/images/14203008/2021/6/11/f321740c-59f9-415a-8644-9b348a969b6a1623397973242LightGreyEmbellishedKurtaKurtasFabindiaWomenDressMaterialADA1.jpg",Fabindia,Women Chevron Yoke Design Kurta,,3.4
F,women-ethnic-wear,"https://assets.myntassets.com/dpr_2,q_60,w_210,c_limit,fl_progressive/assets/images/13515828/2021/3/9/3c9ae2a6-d702-460e-8112-fe9327794a891615295030445IndoEraNavyBlueSolidStraightKurtaTrouserWithDupattaSets1.jpg",Indo Era,Printed Kurta with Trousers & Dupatta,Rs. 1199,3.8
F,women-ethnic-wear,"https://assets.myntassets.com/dpr_2,q_60,w_210,c_limit,fl_progressive/assets/images/13902678/2021/4/6/a5dfcb9a-af2a-4ed8-98bf-e10a8b3b5a891617704827106-Anouk-Women-Kurta-Sets-911617704825967-1.jpg",Anouk,Yoke Design Kurta with Trousers & Dupatta,Rs. 1249,4.6
F,women-ethnic-wear,"https://assets.myntassets.com/dpr_2,q_60,w_210,c_limit,fl_progressive/assets/images/11056154/2019/12/5/30b0017d-7e72-4d40-9633-ef78d01719741575541717470-AHIKA-Women-Black--Green-Printed-Straight-Kurta-990157554171-1.jpg",AHIKA,Printed Straight Kurta,Rs. 553,4.4
F,women-ethnic-wear,"https://assets.myntassets.com/dpr_2,q_60,w_210,c_limit,fl_progressive/assets/images/13830404/2021/8/2/15a08a8e-7a1b-4c92-8b9a-112c6a1647981627899282552-Sangria-Women-Kurta-Sets-7451627899281839-1.jpg",Sangria,Cotton Kurta Set & Stole,Rs. 1499,4.1
F,women-ethnic-wear,"https://assets.myntassets.com/dpr_2,q_60,w_210,c_limit,fl_progressive/assets/images/10842022/2019/11/6/a373d08e-a2fb-4cbf-9a19-dd9679ea0c181573032453223-Libas-Women-Dresses-7681573032451400-1.jpg",Libas,Women Embroidered A-Line Dress,Rs. 1033,4.0
F,women-ethnic-bottomwear,"https://assets.myntassets.com/dpr_2,q_60,w_210,c_limit,fl_progressive/assets/images/7393506/2020/10/10/9a490a45-d7fb-4f17-a7f8-df2e6c40b0881602269372163TaaviWomenBlackMaroonKalamkariHandBlockPrintEthnicSustainabl1.jpg",Taavi,Kalamkari Print Ethnic Sustainable Pure Cotton Skirt,Rs. 949,3.8
F,women-ethnic-bottomwear,"https://assets.myntassets.com/dpr_2,q_60,w_210,c_limit,fl_progressive/assets/images/2703311/2018/3/14/11521024984485-Go-Colors--Leggings-8751521024984355-1.jpg",Go Colors,Women Ankle-Length Leggings,,4.4
F,women-ethnic-bottomwear,"https://assets.myntassets.com/dpr_2,q_60,w_210,c_limit,fl_progressive/assets/images/10529224/2019/9/9/ea0d16ea-4e51-4d59-94e0-941d8ff4c6a31568030027823-Juniper-Gold-Rayon-Printed-Flared-Palazzo-5511568030025933-1.jpg",Juniper,Women Flared Printed Palazzos,Rs. 798,4.6
F,women-ethnic-bottomwear,"https://assets.myntassets.com/dpr_2,q_60,w_210,c_limit,fl_progressive/assets/images/productimage/2020/8/22/be9d5664-5467-475b-b4ea-470a5d64a5481598047122543-1.jpg",TAG 7,Women Pack Of 2 Solid Ankle-Length Straight-Fit Leggings,Rs. 924,4.2
F,women-ethnic-bottomwear,"https://assets.myntassets.com/dpr_2,q_60,w_210,c_limit,fl_progressive/assets/images/12163934/2020/8/21/0857b52e-b239-4fe7-b689-97d0bc3ba33d1598002458759-Sangria-Women-Navy-Blue--White-Printed-Wide-Leg-Palazzos-771-1.jpg",Sangria,Women Wide Leg Printed Palazzos,Rs. 604,4.1
F,women-ethnic-bottomwear,"https://assets.myntassets.com/dpr_2,q_60,w_210,c_limit,fl_progressive/assets/images/productimage/2019/5/28/0c18677c-d43b-4b64-bde7-7089a44d5b9d1559016333984-1.jpg",RANGMANCH BY PANTALOONS,Women Ankle-Length Leggings,,4.1
F,women-ethnic-bottomwear,"https://assets.myntassets.com/dpr_2,q_60,w_210,c_limit,fl_progressive/assets/images/11169314/2019/12/16/3e2f2fc8-e237-40be-a23a-008e745f67b31576491188164-TAG-7-Women-White--Black-Solid-Flared-Palazzos-8121576491186-1.jpg",TAG 7,Women Pack Of 2 Solid Palazzos,Rs. 797,4.3
F,women-ethnic-bottomwear,"https://assets.myntassets.com/dpr_2,q_60,w_210,c_limit,fl_progressive/assets/images/11478398/2020/2/17/701ec930-9dd5-4209-b6a7-8c9faaee2feb1581941218497-Juniper-Offwhite-Rayon-Flex-Solid-Wide-Leg-Palazzo-503158194-1.jpg",Juniper,Straight Solid Palazzos,Rs. 786,3.0
F,women-ethnic-bottomwear,"https://assets.myntassets.com/dpr_2,q_60,w_210,c_limit,fl_progressive/assets/images/15160660/2021/9/3/7f565723-c8cc-48b0-b57e-b177b6ef03ea1630670107724-HERENOW-Women-Palazzos-5401630670107047-1.jpg",HERE&NOW,Women Cotton Printed Palazzos,Rs. 538,4.1
F,women-ethnic-bottomwear,"https://assets.myntassets.com/dpr_2,q_60,w_210,c_limit,fl_progressive/assets/images/4891826/2018/5/5/11525511755787-Go-Colors-Women-Navy-Solid-Cropped-Leggings-9481525511755621-1.jpg",Go Colors,Women Skinny Fit Shimmer Leggings,,4.5
F,women-ethnic-bottomwear,"https://assets.myntassets.com/dpr_2,q_60,w_210,c_limit,fl_progressive/assets/images/13983880/2021/4/9/2a8cecf2-d5a1-40fe-b3fd-22577d0e00681617955042216BelleFilleWomenOff-WhitePeach-ColouredStripedBasicJumpsuitSk1.jpg",Studio Shringaar,Women Floral Lehenga Skirt,Rs. 1440,4.3
F,skirts-palazzos,"https://assets.myntassets.com/dpr_2,q_60,w_210,c_limit,fl_progressive/assets/images/7393506/2020/10/10/9a490a45-d7fb-4f17-a7f8-df2e6c40b0881602269372163TaaviWomenBlackMaroonKalamkariHandBlockPrintEthnicSustainabl1.jpg",Taavi,Kalamkari Print Ethnic Sustainable Pure Cotton Skirt,Rs. 949,3.7
F,skirts-palazzos,"https://assets.myntassets.com/dpr_2,q_60,w_210,c_limit,fl_progressive/assets/images/10529224/2019/9/9/ea0d16ea-4e51-4d59-94e0-941d8ff4c6a31568030027823-Juniper-Gold-Rayon-Printed-Flared-Palazzo-5511568030025933-1.jpg",Juniper,Women Flared Printed Palazzos,Rs. 798,3.4
F,skirts-palazzos,"https://assets.myntassets.com/dpr_2,q_60,w_210,c_limit,fl_progressive/assets/images/12163934/2020/8/21/0857b52e-b239-4fe7-b689-97d0bc3ba33d1598002458759-Sangria-Women-Navy-Blue--White-Printed-Wide-Leg-Palazzos-771-1.jpg",Sangria,Women Wide Leg Printed Palazzos,Rs. 604,4.4
F,skirts-palazzos,"https://assets.myntassets.com/dpr_2,q_60,w_210,c_limit,fl_progressive/assets/images/11169314/2019/12/16/3e2f2fc8-e237-40be-a23a-008e745f67b31576491188164-TAG-7-Women-White--Black-Solid-Flared-Palazzos-8121576491186-1.jpg",TAG 7,Women Pack Of 2 Solid Palazzos,Rs. 797,4.4
F,skirts-palazzos,"https://assets.myntassets.com/dpr_2,q_60,w_210,c_limit,fl_progressive/assets/images/11478398/2020/2/17/701ec930-9dd5-4209-b6a7-8c9faaee2feb1581941218497-Juniper-Offwhite-Rayon-Flex-Solid-Wide-Leg-Palazzo-503158194-1.jpg",Juniper,Straight Solid Palazzos,Rs. 786,4.4
F,skirts-palazzos,"https://assets.myntassets.com/dpr_2,q_60,w_210,c_limit,fl_progressive/assets/images/14986506/2021/7/30/7e796f87-8d5f-4046-a650-0f455524e06c1627656790625NEUDISWomenBeigeGoldGottaPattiDesignDetailFlaredEthnicSharar1.jpg",NEUDIS,Women Beige Sharara,Rs. 599,4.3
F,skirts-palazzos,"https://assets.myntassets.com/dpr_2,q_60,w_210,c_limit,fl_progressive/assets/images/13983880/2021/4/9/2a8cecf2-d5a1-40fe-b3fd-22577d0e00681617955042216BelleFilleWomenOff-WhitePeach-ColouredStripedBasicJumpsuitSk1.jpg",Studio Shringaar,Women Floral Lehenga Skirt,Rs. 1440,4.8
F,skirts-palazzos,"https://assets.myntassets.com/dpr_2,q_60,w_210,c_limit,fl_progressive/assets/images/6819356/2018/11/27/d45c4182-1e25-4542-839d-a090ec04224b1543309754761-Melange-by-Lifestyle-Women-Palazzos-8671543309753880-1.jpg",Melange by Lifestyle,Women Straight Self Design Palazzos,,3.9
F,skirts-palazzos,"https://assets.myntassets.com/dpr_2,q_60,w_210,c_limit,fl_progressive/assets/images/11606286/2020/6/4/765f0e16-2086-4628-9a20-fb159af7809d1591263332356-W-Women-Trousers-271591263330627-1.jpg",W,Women Flared Solid Palazzos,Rs. 1139,3.5
F,skirts-palazzos,"https://assets.myntassets.com/dpr_2,q_60,w_210,c_limit,fl_progressive/assets/images/productimage/2019/5/24/6b99ab79-f1a8-4347-8f75-3085c4dfd1671558686596258-1.jpg",Clora Creation,Women Straight Embroidered Palazzos,Rs. 749,4.3
F,skirts-palazzos,"https://assets.myntassets.com/dpr_2,q_60,w_210,c_limit,fl_progressive/assets/images/10614672/2019/9/21/cd768f4d-5fd0-489a-8fbf-dbf45adc62ef1569068532960-Juniper-Off-white-Rayon-Printed-Flared-Palazzo-5561569068531-1.jpg",Juniper,Women Flared Printed Palazzos,Rs. 798,3.1
F,saree,"https://assets.myntassets.com/dpr_2,q_60,w_210,c_limit,fl_progressive/assets/images/14668766/2021/7/13/8e90610f-8959-4313-a2db-e6b2c31f5fb61626148507359InddusWomenMagentaPinkZariWovenEmbellishedSareeSareesSHUBHVA1.jpg",Mitera,Sequinned Ready to Wear Saree,Rs. 3079,3.2
F,saree,"https://assets.myntassets.com/dpr_2,q_60,w_210,c_limit,fl_progressive/assets/images/14192560/2021/7/16/5ca880cc-77c4-4802-99a2-7c7aefa7c7f71626418370461-Saree-mall-Red--Off-White-Ikat-Printed-Sarees-91916264183699-1.jpg",Saree mall,Blazing Red Linen Blend Saree,Rs. 779,4.9
F,saree,"https://assets.myntassets.com/dpr_2,q_60,w_210,c_limit,fl_progressive/assets/images/productimage/2021/7/9/33612da4-17cc-490e-b90e-c356cad1342a1625835039054-3.jpg",KALINI,Leheriya Kota Saree,Rs. 566,4.0
F,saree,"https://assets.myntassets.com/dpr_2,q_60,w_210,c_limit,fl_progressive/assets/images/13903168/2021/4/17/638f7420-e644-462e-a484-d6b87e146ee51618644035247-Anouk-Sea-Green-Pure-Georgette-Printed-Dark-Floral--Daily-We-1.jpg",Anouk,Floral Printed Saree,Rs. 1479,4.9
F,saree,"https://assets.myntassets.com/dpr_2,q_60,w_210,c_limit,fl_progressive/assets/images/productimage/2019/8/11/35643372-9a6a-45b5-a18a-af056a97b6e51565465392383-1.jpg",Mitera,Woven Design Banarasi Saree,Rs. 1057,3.1
F,saree,"https://assets.myntassets.com/dpr_2,q_60,w_210,c_limit,fl_progressive/assets/images/14006676/2021/7/9/f64945d1-1fac-40d2-81ad-72142d1128341625815390085-Saree-Mall-Green-Brasso-Net-Ethnic-Floral-Print-Casual-Wear--1.jpg",Saree mall,Ethnic Motifs Chanderi Brasso Saree,Rs. 779,3.1
F,saree,"https://assets.myntassets.com/dpr_2,q_60,w_210,c_limit,fl_progressive/assets/images/15216022/2021/8/21/edfd35b4-54cd-4054-9d78-8ead3ea75b3b1629537826762UnnatiSilksWomensPureBandhaniKotaCottonSaree1.jpg",Unnati Silks,Printed Kota Pure Cotton Saree,Rs. 1899,3.4
F,saree,"https://assets.myntassets.com/dpr_2,q_60,w_210,c_limit,fl_progressive/assets/images/9140095/2019/4/1/23d28a6a-92d6-40bb-885d-1c888973d2c11554102654554-Mitera-Pink-Silk-Blned--Woven-Design-Party-wear-Banarasi-Sar-1.jpg",Mitera,Woven Design Banarasi Saree,Rs. 1673,3.2
F,saree,"https://assets.myntassets.com/dpr_2,q_60,w_210,c_limit,fl_progressive/assets/images/14975358/2021/7/29/9e1484a0-92f8-4871-9b98-fc9f389406691627570339977KALINIWomenBlackPrinted1.jpg",KALINI,Ethnic Motifs Saree,Rs. 559,3.5
F,saree,"https://assets.myntassets.com/dpr_2,q_60,w_210,c_limit,fl_progressive/assets/images/11510258/2020/3/11/55b31058-6f7e-4c0f-b280-fca799c0c77c1583907999610-White--Pink-Floral-Digital-Print-Design-Oraganza-Saree-With--1.jpg",Tikhi Imli,Printed Organza Saree,Rs. 1091,4.3
F,saree,"https://assets.myntassets.com/dpr_2,q_60,w_210,c_limit,fl_progressive/assets/images/productimage/2021/6/25/a6e9958d-e426-46c9-aca9-9f0ff32a2ec51624643756483-1.jpg",Mitera,Striped Chettinad Saree,Rs. 1055,4.7
F,dress-material,"https://assets.myntassets.com/dpr_2,q_60,w_210,c_limit,fl_progressive/assets/images/14808724/2021/7/13/b3f0f219-a6b0-429e-a4cd-80200caed7181626165851654RAJGRANTH1.jpg",RAJGRANTH,Unstitched Dress Material,Rs. 988,4.0
F,dress-material,"https://assets.myntassets.com/dpr_2,q_60,w_210,c_limit,fl_progressive/assets/images/productimage/2020/7/24/33e09e2c-6320-4b3a-86c5-4294b8a774541595542810018-1.jpg",Ethnic Junction,Solid Unstitched Dress Material,Rs. 879,4.8
F,dress-material,"https://assets.myntassets.com/dpr_2,q_60,w_210,c_limit,fl_progressive/assets/images/7149459/2018/8/14/4a0dfa4f-8920-4ae5-8a76-b7495c5b0d6c1534242119268-Rajnandini-Mauve-Cotton-Blend-Unstitched-Dress-Material-4071534242119107-1.jpg",Rajnandini,Embroidered Unstitched Dress Material,Rs. 1425,3.8
F,dress-material,"https://assets.myntassets.com/dpr_2,q_60,w_210,c_limit,fl_progressive/assets/images/10340125/2019/8/7/0419f4ed-6d77-4365-b6ee-4ae2117201191565180545617-Inddus-Women-Dress-Material-5461565180543577-1.jpg",Inddus,Woven Design Unstitched Dress Material,Rs. 2899,4.4
F,dress-material,"https://assets.myntassets.com/dpr_2,q_60,w_210,c_limit,fl_progressive/assets/images/productimage/2020/7/24/e931c32d-5f50-40ae-a6a6-27a425c212681595546765853-1.jpg",Ethnic Junction,Woven Design Unstitched Dress Material,Rs. 827,3.2
F,dress-material,"https://assets.myntassets.com/dpr_2,q_60,w_210,c_limit,fl_progressive/assets/images/15132852/2021/8/13/fa6753e3-cffa-4fe0-96c2-1b07162811f31628839674439SatraniPurpleandWhitePrintedCottonDressMaterial1.jpg",Satrani,Printed Unstitched Dress Material,Rs. 805,3.1
F,dress-material,"https://assets.myntassets.com/dpr_2,q_60,w_210,c_limit,fl_progressive/assets/images/10340119/2019/8/7/6d592ab7-dcdd-42a7-8b48-839f86e34cc61565180563264-Inddus-Women-Dress-Material-2221565180561270-1.jpg",Inddus,Woven Design Unstitched Dress Material,Rs. 2609,4.1
F,dress-material,"https://assets.myntassets.com/dpr_2,q_60,w_210,c_limit,fl_progressive/assets/images/12735910/2020/10/30/a2c44008-42e3-45ee-a725-f10b1db4d3401604040192381-Rajnandini-Womens-White-And-Pink-Pure-Jaipuri-Cambric-Cotton-1.jpg",Rajnandini,Printed Unstitched Dress Material,Rs. 1198,4.2
F,dress-material,"https://assets.myntassets.com/dpr_2,q_60,w_210,c_limit,fl_progressive/assets/images/13473708/2021/2/23/d508bb58-00d5-46b6-9dd8-daa4cc88e6931614078674882-Mitera-Chanderi--Unstiched-Yellow-Color--Dress-Material-6641-1.jpg",Mitera,Embroidered Unstitched Dress Material,Rs. 1481,4.9
F,dress-material,"https://assets.myntassets.com/dpr_2,q_60,w_210,c_limit,fl_progressive/assets/images/13419808/2021/1/28/b15a6f28-4202-4b73-bdc0-895204077d4a1611822789968BlueColorCottonKurtainGotaPrintedworkBottomwithDupattaDressM1.jpg",Readiprint Fashions,Embellished Semi-Stitched Dress Material,Rs. 2325,3.1
F,dress-material,"https://assets.myntassets.com/dpr_2,q_60,w_210,c_limit,fl_progressive/assets/images/15243496/2021/8/24/cdb27192-6b39-4bd3-83a5-b00f5169181b1629819680145JATRIQQWomenBlackGreen-ColouredEmbroideredUnstitchedDressMat1.jpg",JATRIQQ,Embroidered Unstitched Dress Material,Rs. 2249,3.8
F,lehenga-choli,"https://assets.myntassets.com/dpr_2,q_60,w_210,c_limit,fl_progressive/assets/images/14822588/2021/7/21/bba9a0e7-09ee-47d8-84c2-18224f1730381626842740643-pspeaches-Girls-Orange-7861626842740113-1.jpg",pspeaches,Girls Lehenga Choli,Rs. 869,4.6
F,lehenga-choli,"https://assets.myntassets.com/dpr_2,q_60,w_210,c_limit,fl_progressive/assets/images/10419588/2019/10/12/2378c061-6933-4f49-a077-a3c1da7fa9bc1570872731433-Anouk-Women-Kurta-Sets-6161570872728895-1.jpg",Anouk,Ready to Wear Lehenga & Blouse with Dupatta,Rs. 1839,3.4
F,lehenga-choli,"https://assets.myntassets.com/dpr_2,q_60,w_210,c_limit,fl_progressive/assets/images/13421482/2021/2/12/034889ee-144f-42fd-9032-97a38e0143601613106475168-panchhi-Women-Lehenga-Choli-9781613106472433-1.jpg",panchhi,Semi-Stitched Lehenga & Unstitched Blouse with Dupatta,Rs. 8499,3.0
F,lehenga-choli,"https://assets.myntassets.com/dpr_2,q_60,w_210,c_limit,fl_progressive/assets/images/12710976/2020/11/4/e4b0ac08-f6f7-4fe3-9733-41c8377112a61604486088547-Inddus-Women-Lehenga-Choli-6061604486084769-1.jpg",Inddus,Semi-Stitched Lehenga & Unstitched Blouse with Dupatta,Rs. 3475,3.1
F,lehenga-choli,"https://assets.myntassets.com/dpr_2,q_60,w_210,c_limit,fl_progressive/assets/images/12411364/2020/9/28/0a74af73-d45c-4ba9-b0cd-286821c082a91601273293762-Juniper-Ivory-Net-Embellished-Flared-Lehenga-Choli-546160127-1.jpg",Juniper,Ready to Wear Lehenga & Blouse,Rs. 2399,4.8
F,lehenga-choli,"https://assets.myntassets.com/dpr_2,q_60,w_210,c_limit,fl_progressive/assets/images/14419602/2021/9/14/ab8019e5-9dc1-46d4-9fc3-1a2b268d85061631610481690-Sangria-Girls-Red--Golden-Ethnic-Motifs-Foil-Print-Ready-to--1.jpg",Sangria,Girls Printed Lehenga & Blouse,Rs. 799,3.5
F,lehenga-choli,"https://assets.myntassets.com/dpr_2,q_60,w_210,c_limit,fl_progressive/assets/images/14845310/2021/7/15/9156dec7-3f11-4a60-94d0-1795d6ebe2fd1626371270558SHOPGARBWomenRed1.jpg",SHOPGARB,Lehenga Blouse With Dupatta,Rs. 3899,4.1
F,lehenga-choli,"https://assets.myntassets.com/dpr_2,q_60,w_210,c_limit,fl_progressive/assets/images/productimage/2021/7/6/a388d6b5-572c-42a1-83d1-d8e5b6d86a3d1625575862833-1.jpg",pspeaches,Ready to Wear Lehenga,Rs. 1199,4.9
F,lehenga-choli,"https://assets.myntassets.com/dpr_2,q_60,w_210,c_limit,fl_progressive/assets/images/12680978/2020/11/9/9c2332b6-441f-45f9-9d48-8cdf34ddcd621604909793257KSUTgreencroptopwithcrmefloralprintedunstitchedskirtanddigit1.jpg",KSUT,Lehenga & Blouse with Dupatta,Rs. 1999,3.2
F,lehenga-choli,"https://assets.myntassets.com/dpr_2,q_60,w_210,c_limit,fl_progressive/assets/images/12829646/2020/12/18/f3952597-b2e1-4674-8b9b-144d43524e971608266689061-SHUBHKALA-Maroon-Embroidered-Semi-Stitched-Lehenga--Unstitch-1.jpg",SHUBHKALA,Semi-Stitched Lehenga & Unstitched Blouse with Dupatta,Rs. 3999,4.5
F,lehenga-choli,"https://assets.myntassets.com/dpr_2,q_60,w_210,c_limit,fl_progressive/assets/images/11383970/2020/2/17/d99a09d6-ac2a-4c1a-901e-10aca6acfbf11581913352598-Shaily-Women-Lavender-Embroidery-Net-Semi-Stitched-Lehenga---1.jpg",Shaily,Semi-Stitched Lehenga & Unstitched Blouse with Dupatta,Rs. 4620,3.7
F,dupatta-shawl,"https://assets.myntassets.com/dpr_2,q_60,w_210,c_limit,fl_progressive/assets/images/7538227/2021/2/11/6dc331e3-5f6a-4d4d-b0fa-6fc796c271061613030697290TaaviWomenBlackBlockPrintLegacySustainableDupatta1.jpg",Taavi,Block Print Legacy Sustainable Pure Cotton Dupatta,Rs. 549,4.0
F,dupatta-shawl,"https://assets.myntassets.com/dpr_2,q_60,w_210,c_limit,fl_progressive/assets/images/productimage/2019/9/24/40c2d7b2-9854-46d1-ae88-22c7a067a0b31569282466268-1.jpg",Dupatta Bazaar,Women Solid Dupatta,Rs. 371,3.2
F,dupatta-shawl,"https://assets.myntassets.com/dpr_2,q_60,w_210,c_limit,fl_progressive/assets/images/11369336/2020/10/15/b7a345bf-4e32-44d3-abaf-64c30f9e68191602738523459-W-Women-Dupatta-4421602738522896-1.jpg",W,Mukaish Work Dupatta,Rs. 649,4.3
F,dupatta-shawl,"https://assets.myntassets.com/dpr_2,q_60,w_210,c_limit,fl_progressive/assets/images/12460802/2020/10/14/aa416a16-c66c-4012-ba62-f1da9a7e74f31602650875406KurtaSetsBibaWomenKurtaSetsBibaWomenKurtaSetsBibaWomenKurtaS1.jpg",Biba,Self-Striped Tasselled Dupatta,Rs. 359,4.3
F,dupatta-shawl,"https://assets.myntassets.com/dpr_2,q_60,w_210,c_limit,fl_progressive/assets/images/9345959/2019/5/24/b51885ce-51d3-45da-9166-4d654858c3401558697093777-Taavi-Women-Dupatta-9211558697092873-1.jpg",Taavi,Hand Block Print Pure Cotton Dupatta,Rs. 549,4.5
F,dupatta-shawl,"https://assets.myntassets.com/dpr_2,q_60,w_210,c_limit,fl_progressive/assets/images/15238858/2021/9/2/6b1ac58d-686f-4f15-902f-b634fdae46ea1630561640714AureliaDarkMaroonA-lineKurtaKurtaSetsAHIKAWomenKurtaSetsAHIK1.jpg",mokshi,Woven Design Dupatta with Zari,Rs. 599,4.7
F,dupatta-shawl,"https://assets.myntassets.com/dpr_2,q_60,w_210,c_limit,fl_progressive/assets/images/productimage/2020/11/4/0a9f8e76-ecdc-4406-b558-9116c87639f91604455692664-1.jpg",Dupatta Bazaar,Solid Dupatta,Rs. 399,4.5
F,dupatta-shawl,"https://assets.myntassets.com/dpr_2,q_60,w_210,c_limit,fl_progressive/assets/images/productimage/2020/7/29/91a18d27-b61c-462b-a335-c2af1737801d1595980187700-1.jpg",Mesmora,Women Embroidered Cotton Dupatta,Rs. 1471,3.7
F,dupatta-shawl,"https://assets.myntassets.com/dpr_2,q_60,w_210,c_limit,fl_progressive/assets/images/14135322/2021/7/13/a0621854-33e9-4449-9ae4-a2623228003a1626178944937-Taavi-Women-Dupatta-7701626178944548-1.jpg",Taavi,Shibori Tie and Dye Dupatta,Rs. 594,3.5
F,dupatta-shawl,"https://assets.myntassets.com/dpr_2,q_60,w_210,c_limit,fl_progressive/assets/images/productimage/2019/10/13/9ee012a6-8d46-4b19-b4ce-eb8ea1dfed871570906366741-1.jpg",mf,Dupatta,Rs. 524,3.4
F,dupatta-shawl,"https://assets.myntassets.com/dpr_2,q_60,w_210,c_limit,fl_progressive/assets/images/11369328/2020/6/5/b4487d00-a397-4540-bb67-07a62983db231591329285189-W-Women-Dupatta-691591329284644-1.jpg",W,Solid Pure Cotton Dupatta,Rs. 749,3.5
F,women-jackets,"https://assets.myntassets.com/dpr_2,q_60,w_210,c_limit,fl_progressive/assets/images/12178118/2020/9/15/53e990ae-8a46-46c3-8c88-94792a1376dd1600148880483-Roadster-Women-Jackets-1651600148878081-1.jpg",Roadster,Solid Denim Jacket,Rs. 879,3.8
F,women-jackets,"https://assets.myntassets.com/dpr_2,q_60,w_210,c_limit,fl_progressive/assets/images/14326656/2021/6/22/b88843ad-8138-4460-a048-a9277a9843821624333267388-ADIDAS-Women-Jackets-2921624333266748-1.jpg",ADIDAS,3 Stripes TJ Training Jacket,Rs. 2249,3.0
F,women-jackets,"https://assets.myntassets.com/dpr_2,q_60,w_210,c_limit,fl_progressive/assets/images/5709433/2018/9/6/f8edfec2-d665-4dec-8bd0-1c549d9b2c051536228338868-Chemistry-Women-Brown-Solid-Parka-7841536228337271-1.jpg",Chemistry,Women Solid Parka,Rs. 3299,3.8
F,women-jackets,"https://assets.myntassets.com/dpr_2,q_60,w_210,c_limit,fl_progressive/assets/images/13287918/2021/1/6/0cb5dcbc-2877-4f0b-9f0e-a32e8bb31a0f1609909256912-Popnetic-Women-Jackets-4931609909255502-1.jpg",Popnetic,Solid Pure Cotton Crop Jacket,Rs. 699,4.8
F,women-jackets,"https://assets.myntassets.com/dpr_2,q_60,w_210,c_limit,fl_progressive/assets/images/14274104/2021/8/19/df56bd95-e55c-4598-bfc3-efbc8b20e91d1629348923016-HERENOW-Women-Blue-Crop-Denim-Jacket-421629348922354-1.jpg",HERE&NOW,Crop Denim Jacket,Rs. 2099,3.8
F,women-jackets,"https://assets.myntassets.com/dpr_2,q_60,w_210,c_limit,fl_progressive/assets/images/4923956/2018/11/5/e76ec1bc-1b2d-49d0-9da2-887dae6c797b1541392496192-HRX-by-Hrithik-Roshan-Women-Black-Solid-Sporty-Jacket-537154-1.jpg",HRX by Hrithik Roshan,Women Solid Sporty Jacket,Rs. 1319,3.8
F,women-jackets,"https://assets.myntassets.com/dpr_2,q_60,w_210,c_limit,fl_progressive/assets/images/12178126/2020/9/15/eabb703a-eb23-4142-8d01-afc86874e8051600157050697-Roadster-Women-Jackets-1321600157048335-1.jpg",Roadster,Solid Denim Jacket,Rs. 879,4.7
F,women-jackets,"https://assets.myntassets.com/dpr_2,q_60,w_210,c_limit,fl_progressive/assets/images/14326658/2021/6/22/8a4dc400-d662-47df-8692-eb2f9c0c82cd1624333277414-ADIDAS-Women-Jackets-4501624333276736-1.jpg",ADIDAS,LIN FT FZ HD Hooded Jacket,Rs. 1959,3.2
F,women-jackets,"https://assets.myntassets.com/dpr_2,q_60,w_210,c_limit,fl_progressive/assets/images/10604594/2019/9/13/085bf6a5-120b-44f7-a58a-0b64655a39f91568349823914-SASSAFRAS-Women-Jackets-6311568349822092-1.jpg",SASSAFRAS,Women Solid Denim Jacket,Rs. 845,4.1
F,women-jackets,"https://assets.myntassets.com/dpr_2,q_60,w_210,c_limit,fl_progressive/assets/images/13884360/2021/8/26/2d66e67c-ad7f-4b80-901a-56ed9759573f1629979074518MANGOWomenWhiteSolidSustainableDenimJacket1.jpg",MANGO,Women Solid Denim Jacket,Rs. 2513,3.2
F,women-jackets,"https://assets.myntassets.com/dpr_2,q_60,w_210,c_limit,fl_progressive/assets/images/14274164/2021/8/27/ba9e4ddf-b6c0-4d32-aa38-36d4229fcbb21630064139728-HERENOW-Women-Jackets-911630064139122-1.jpg",HERE&NOW,Women Denim Jacket,Rs. 1665,5.0
F,dresses,"https://assets.myntassets.com/dpr_2,q_60,w_210,c_limit,fl_progressive/assets/images/12595594/2020/10/15/b6e22b58-3450-468f-afeb-3218b6ce7acb1602737925709SareemallNavyBluePolyChiffonSolidEthnicPartywearSareewithMat1.jpg",Antheaa,Floral Print Fit & Flare Dress,Rs. 1278,4.8
F,dresses,"https://assets.myntassets.com/dpr_2,q_60,w_210,c_limit,fl_progressive/assets/images/10842022/2019/11/6/a373d08e-a2fb-4cbf-9a19-dd9679ea0c181573032453223-Libas-Women-Dresses-7681573032451400-1.jpg",Libas,Women Embroidered A-Line Dress,Rs. 1033,4.1
F,dresses,"https://assets.myntassets.com/dpr_2,q_60,w_210,c_limit,fl_progressive/assets/images/10856160/2019/11/5/f0172470-408a-4b8b-a1e5-045bd98a5f8b1572938035104-SASSAFRAS-Women-Dresses-9581572938032856-1.jpg",SASSAFRAS,Women Printed Wrap Dress,Rs. 1079,4.9
F,dresses,"https://assets.myntassets.com/dpr_2,q_60,w_210,c_limit,fl_progressive/assets/images/13719160/2021/3/5/b04a5dc0-9beb-4490-ae2c-f0f9654ded1c1614925067822-Athena-Fuchsia-Pink-dress-with-Power-shoulderS--Tulip-Bottom-1.jpg",Athena,Power Shoulders Tulip Hem Wrap Dress,Rs. 1099,4.4
F,dresses,"https://assets.myntassets.com/dpr_2,q_60,w_210,c_limit,fl_progressive/assets/images/productimage/2020/9/16/25f5b6a7-ce25-4e66-8a61-3aa2037b6c741600207614629-1.jpg",Harpa,Floral Printed A-Line Dress,Rs. 849,4.8
F,dresses,"https://assets.myntassets.com/dpr_2,q_60,w_210,c_limit,fl_progressive/assets/images/15322356/2021/9/9/66c98ba8-d91b-4817-bb90-9bfff688c0291631186707200-Maaesa-Yellow--Off-White-Tie-and-Dye-Kaftan-Midi-Dress-93716-1.jpg",Maaesa,Tie and Dye Kaftan Midi Dress,Rs. 879,4.1
F,dresses,"https://assets.myntassets.com/dpr_2,q_60,w_210,c_limit,fl_progressive/assets/images/13435636/2021/1/22/f6914028-82fa-4187-90a4-1867d8eac3a11611296894583IndoEraGreenEmbroideredkurtaPalazzowithDupattaSetsDressesDee1.jpg",Deewa,Ethnic Printed Maxi Dress,Rs. 742,4.5
F,dresses,"https://assets.myntassets.com/dpr_2,q_60,w_210,c_limit,fl_progressive/assets/images/productimage/2020/11/25/108588fc-b5d9-4b96-9edc-42dbac38abee1606308764527-1.jpg",AASI - HOUSE OF NAYO,Embroidered Ethnic Dress,Rs. 849,3.2
F,dresses,"https://assets.myntassets.com/dpr_2,q_60,w_210,c_limit,fl_progressive/assets/images/2525392/2019/5/2/f9f13ec3-c11a-460a-b35a-9f6ec31590871556781497682-RARE-Women-Blue-Printed-Maxi-Dress-3951556781495634-1.jpg",RARE,Women Printed Maxi Dress,Rs. 959,4.6
F,dresses,"https://assets.myntassets.com/dpr_2,q_60,w_210,c_limit,fl_progressive/assets/images/11364418/2020/1/28/8e31363f-8ac5-4669-9aa8-114d502d7be61580207577109-SASSAFRAS-Women-Maroon-Solid-Tiered-Maxi-Dress-3781580207574-1.jpg",SASSAFRAS,Women Solid Tiered Maxi Dress,Rs. 813,3.7
F,dresses,"https://assets.myntassets.com/dpr_2,q_60,w_210,c_limit,fl_progressive/assets/images/14887974/2021/7/22/78bfd354-3222-4dce-a301-17cfa6e38aeb1626941982134AthenaPinkNetBodyconDress1.jpg",Athena,Solid Ruched Bodycon Dress,Rs. 1264,3.4
F,jumpsuits,"https://assets.myntassets.com/dpr_2,q_60,w_210,c_limit,fl_progressive/assets/images/productimage/2020/10/15/0ed2afd4-a106-4972-9499-111c95fcc15c1602713909748-1.jpg",KASSUALLY,Printed Basic Jumpsuit,Rs. 989,4.8
F,jumpsuits,"https://assets.myntassets.com/dpr_2,q_60,w_210,c_limit,fl_progressive/assets/images/15188396/2021/8/18/f046c794-c9a4-46a9-9ea5-eca9f3c62f801629291118617Jumpsuit1.jpg",Forever New,Women White & Pink Jumpsuit,,4.4
F,jumpsuits,"https://assets.myntassets.com/dpr_2,q_60,w_210,c_limit,fl_progressive/assets/images/10308671/2019/7/29/4276e20b-9a87-489e-9c49-95b67dc0b6c81564383574672-SASSAFRAS-Women-Jumpsuit-251564383573404-1.jpg",SASSAFRAS,Solid Basic Jumpsuit,Rs. 674,3.2
F,jumpsuits,"https://assets.myntassets.com/dpr_2,q_60,w_210,c_limit,fl_progressive/assets/images/13789654/2021/9/2/2fe00b06-c872-4864-9dc7-0327dbe357d11630564156075-all-about-you-Women-Jumpsuit-191630564155446-1.jpg",all about you,Cotton Chambray Basic Jumpsuit,Rs. 1099,3.4
F,jumpsuits,"https://assets.myntassets.com/dpr_2,q_60,w_210,c_limit,fl_progressive/assets/images/13321260/2021/3/18/95d2558a-cfab-4e5e-8931-d4b6bfd540041616072123022-Sangria-Women-Jumpsuit-3801616072122199-1.jpg",Sangria,Basic Jumpsuit with Belt,Rs. 1259,4.1
F,jumpsuits,"https://assets.myntassets.com/dpr_2,q_60,w_210,c_limit,fl_progressive/assets/images/productimage/2020/1/23/6ad5eb4d-a55b-4629-b0f6-84c44618beb91579739004929-1.jpg",LilPicks,Girls Printed Playsuit,,3.6
F,jumpsuits,"https://assets.myntassets.com/dpr_2,q_60,w_210,c_limit,fl_progressive/assets/images/13885244/2021/4/7/280aa48e-5909-4b69-9777-02358a2d044a1617790265442SatanSilkSareeSareeBlouseStudioShringaarWomenSareeBlouseStud1.jpg",SIRIKIT,Printed Playsuit with Belt,Rs. 549,4.2
F,jumpsuits,"https://assets.myntassets.com/dpr_2,q_60,w_210,c_limit,fl_progressive/assets/images/9254703/2020/9/28/7fd12c64-d0b0-4091-b714-510bfa77fb671601294200438-Taavi-Women-Blue--White-Indigo-Hand-Block-Print-Jumpsuit-wit-1.jpg",Taavi,Hand Block Print Sustainable Jumpsuit,Rs. 1429,4.7
F,jumpsuits,"https://assets.myntassets.com/dpr_2,q_60,w_210,c_limit,fl_progressive/assets/images/13584804/2021/9/3/81dc906f-7aff-4008-a938-dfac7d73e5741630654823220-MH-Easy-Women-Clothing-Set-9241630654822476-1.jpg",M&H Easy,Printed Two-Piece Set,Rs. 1104,4.6
F,jumpsuits,"https://assets.myntassets.com/dpr_2,q_60,w_210,c_limit,fl_progressive/assets/images/productimage/2019/11/18/789ba44f-f262-463a-bb4b-a331f22110aa1574070553500-1.jpg",QUIERO,Women Wrap Detail Jumpsuit,Rs. 1331,3.9
F,jumpsuits,"https://assets.myntassets.com/dpr_2,q_60,w_210,c_limit,fl_progressive/assets/images/7114908/2018/8/9/6b6ba116-b104-4401-9fd0-7616273d29751533796834807-na-3661533796834385-1.jpg",RARE,Checked Culotte Jumpsuit,Rs. 839,4.1
F,tops,"https://assets.myntassets.com/dpr_2,q_60,w_210,c_limit,fl_progressive/assets/images/13719116/2021/3/3/90d0980a-8b39-48bd-9bf9-a67beb14a9741614753528611-Athena-Fuchsia-Pink-top-with-power-shoulder-sleeve-detail-22-1.jpg",Athena,Power Shoulders Top,Rs. 714,4.3
F,tops,"https://assets.myntassets.com/dpr_2,q_60,w_210,c_limit,fl_progressive/assets/images/productimage/2021/1/27/c3f87e02-333b-4008-aa5c-3bb5d3fc658a1611743836816-1.jpg",Harpa,Solid Top,Rs. 699,4.5
F,tops,"https://assets.myntassets.com/dpr_2,q_60,w_210,c_limit,fl_progressive/assets/images/productimage/2021/6/19/09be1fd5-fccf-4f44-8f6d-e528171e442c1624104484292-1.jpg",Cation,Sweetheart Neck Fitted Top,Rs. 545,3.4
F,tops,"https://assets.myntassets.com/dpr_2,q_60,w_210,c_limit,fl_progressive/assets/images/1753481/2018/7/24/e8a0c271-3961-4c09-922b-9037973dcccd1532415358320-Roadster-Women-Maroon-Solid-Top-8331532415358148-1.jpg",Roadster,Solid Pure Cotton Top,Rs. 389,4.2
F,tops,"https://assets.myntassets.com/dpr_2,q_60,w_210,c_limit,fl_progressive/assets/images/productimage/2021/2/3/bc8dc9ca-33a6-434f-8d3a-c069e629a6d11612357352097-1.jpg",Harpa,Self Design Top,Rs. 649,3.2
F,tops,"https://assets.myntassets.com/dpr_2,q_60,w_210,c_limit,fl_progressive/assets/images/13204882/2021/3/5/b869ffd3-ee3e-4e09-a4b3-307189f15bab1614939326347-all-about-you-Women-Tops-41614939324712-1.jpg",all about you,Floral Mandarin Collar Top,Rs. 1104,5.0
F,tops,"https://assets.myntassets.com/dpr_2,q_60,w_210,c_limit,fl_progressive/assets/images/13843266/2021/3/23/9a68831d-15dc-4ac9-8eeb-4b741dc566861616501374382-Sassafras-Women-Black--Silver-Striped-One-Shoulder-Puff-Slee-1.jpg",SASSAFRAS,Striped One Shoulder Puff Sleeves Top,Rs. 779,5.0
F,tops,"https://assets.myntassets.com/dpr_2,q_60,w_210,c_limit,fl_progressive/assets/images/productimage/2021/3/19/8d9fdb97-bcb0-4cf4-a058-b0edede09f251616150246120-5.jpg",Miss Chase,Floral Printed Tie-up Neck Crepe Maxi Top,Rs. 994,3.0
F,tops,"https://assets.myntassets.com/dpr_2,q_60,w_210,c_limit,fl_progressive/assets/images/14013816/2021/8/12/5f41bea2-4ffe-4f36-b1cd-f9b0508d95341628767050191-Nautica-Women-Tops-3091628767049652-1.jpg",Nautica,Cotton Striped Styled Back Top,Rs. 1350,3.2
F,tops,"https://assets.myntassets.com/dpr_2,q_60,w_210,c_limit,fl_progressive/assets/images/13740088/2021/4/9/c0603df9-3e3e-48f7-9c63-09bb21f804eb1617952533221-Sera-Printed-Tops-6921617952532561-1.jpg",Sera,Floral Printed Puff Sleeves Chiffon Top Blouson,Rs. 778,4.7
F,tops,"https://assets.myntassets.com/dpr_2,q_60,w_210,c_limit,fl_progressive/assets/images/productimage/2021/4/10/c5a07d74-2196-4fc1-989d-cd13348b5ecb1618032758415-1.jpg",Athena,Floral Printed Puff Sleeves Georgette Top Regular,Rs. 944,3.3
F,women-jeans,"https://assets.myntassets.com/dpr_2,q_60,w_210,c_limit,fl_progressive/assets/images/15340492/2021/9/2/b2ebda9b-fb9c-45fe-9e24-4729330283e81630569065447WideHighJeans1.jpg",H&M,Women Blue Wide High Jeans,,3.4
F,women-jeans,"https://assets.myntassets.com/dpr_2,q_60,w_210,c_limit,fl_progressive/assets/images/13000414/2020/12/3/4b6ac67e-3089-450c-83e4-f0362b930af91606971728255-SASSAFRAS-Women-Jeans-7971606971722019-1.jpg",SASSAFRAS,Women Jogger Jeans,Rs. 839,4.8
F,women-jeans,"https://assets.myntassets.com/dpr_2,q_60,w_210,c_limit,fl_progressive/assets/images/12867304/2021/3/4/85582e0a-e8c3-4cef-bc12-8dc0524ab90f1614851381106-all-about-you-Women-Blue-Straight-Fit-High-Rise-Clean-Look-S-1.jpg",all about you,Women Straight Fit Jeans,Rs. 1299,3.2
F,women-jeans,"https://assets.myntassets.com/dpr_2,q_60,w_210,c_limit,fl_progressive/assets/images/7782711/2018/11/15/169555eb-2701-4f6d-a2e5-058197f283961542266328927-na-3971542266328731-1.jpg",Tokyo Talkies,Women Super Skinny Fit Jeans,Rs. 854,3.5
F,women-jeans,"https://assets.myntassets.com/dpr_2,q_60,w_210,c_limit,fl_progressive/assets/images/14965242/2021/8/19/3270fe8d-44e7-4a45-8bee-11931a7ea7201629374316090-Paris-Hamilton-Womens-Boyfriend-fit-High-waist-Black-Washed--1.jpg",PARIS HAMILTON,Women Boyfriend Fit High-Rise Jeans,Rs. 999,4.1
F,women-jeans,"https://assets.myntassets.com/dpr_2,q_60,w_210,c_limit,fl_progressive/assets/images/4451395/2018/6/7/9ad2a94a-4ea4-4939-884a-7984035ff0541528361207132-Roadster-Women-Black-Regular-Fit-Mid-Rise-Clean-Look-Stretchable-Jeans-3671528361206868-1.jpg",Roadster,Women Mid-Rise Skinny Jeans,Rs. 1019,4.1
F,women-jeans,"https://assets.myntassets.com/dpr_2,q_60,w_210,c_limit,fl_progressive/assets/images/14275712/2021/8/2/411c9650-a0b6-42b9-96e2-79baaedcc1361627875182481-HERENOW-Women-Blue-Skinny-Fit-Heavy-Fade-Stretchable-Jeans-3-1.jpg",HERE&NOW,Women Skinny Fit Jeans,Rs. 1079,3.7
F,women-jeans,"https://assets.myntassets.com/dpr_2,q_60,w_210,c_limit,fl_progressive/assets/images/7289168/2018/9/6/ddd46974-951a-4877-81f1-3126d61ef2e51536224447671-HSWFPR11826-2781536224447515-1.jpg",High Star,Women Slim Fit Jeans,Rs. 896,4.8
F,women-jeans,"https://assets.myntassets.com/dpr_2,q_60,w_210,c_limit,fl_progressive/assets/images/13843216/2021/3/31/77660414-a95f-46df-954a-52c35ef0804e1617193170525-SASSAFRAS-Women-Navy-Blue-Relaxed-Fit-Cotton-High-Rise-Clean-1.jpg",SASSAFRAS,Women Relaxed Fit Jeans,Rs. 1033,4.9
F,women-jeans,"https://assets.myntassets.com/dpr_2,q_60,w_210,c_limit,fl_progressive/assets/images/11045886/2020/8/19/301a67f9-438c-429c-9816-b1390545296d1597811637980TshirtsRoadsterWomenTopsRoadsterWomenKurtasHouseofPataudiWom1.jpg",Roadster,Women Skinny Fit Jeans,Rs. 1049,3.0
F,women-jeans,"https://assets.myntassets.com/dpr_2,q_60,w_210,c_limit,fl_progressive/assets/images/14780262/2021/8/9/01c5a7a7-e6c5-45ea-9792-0740d3b076091628489070929-Calvin-Klein-Jeans-Women-Jeans-5841628489070310-1.jpg",Calvin Klein Jeans,Women Skinny Fit Jeans,,3.9
F,women-trousers,"https://assets.myntassets.com/dpr_2,q_60,w_210,c_limit,fl_progressive/assets/images/11941182/2020/6/29/85066d28-9bd9-480b-bf93-da11aabf0fe61593421964159OrchidBluesWomenBlackLooseFitSolidJoggers1.jpg",Orchid Blues,Women Loose Fit Joggers,Rs. 584,3.6
F,women-trousers,"https://assets.myntassets.com/dpr_2,q_60,w_210,c_limit,fl_progressive/assets/images/10856380/2019/11/4/75144bc0-bf24-4c84-9ec4-04a00fc612ee1572850912164-SASSAFRAS-Women-Trousers-7361572850910666-1.jpg",SASSAFRAS,Women Regular Fit Trousers,Rs. 704,4.6
F,women-trousers,"https://assets.myntassets.com/dpr_2,q_60,w_210,c_limit,fl_progressive/assets/images/14849052/2021/7/16/96571434-3202-4932-b80e-46f0fd594a4e1626407670291VanHeusenWomanWomenBlackParallelTrousers1.jpg",Van Heusen Woman,Women Parallel Formal Trousers,,3.2
F,women-trousers,"https://assets.myntassets.com/dpr_2,q_60,w_210,c_limit,fl_progressive/assets/images/13843132/2021/3/23/ea4344b1-280b-4021-a9b8-5d67e20f96a81616490669283-SASSAFRAS-Women-Olive-Green-Regular-Fit-Solid-Pure-Cotton-St-1.jpg",SASSAFRAS,Women Cotton Straight Trousers,Rs. 849,3.9
F,women-trousers,"https://assets.myntassets.com/dpr_2,q_60,w_210,c_limit,fl_progressive/assets/images/6993400/2018/7/30/b3d5f951-1149-4217-81a9-f50cb646fa3f1532928738800-PANIT-Women-Trousers-6611532928738642-1.jpg",PANIT,Women Regular Fit Peg Trousers,Rs. 424,3.7
F,women-trousers,"https://assets.myntassets.com/dpr_2,q_60,w_210,c_limit,fl_progressive/assets/images/11054006/2020/2/19/f58e41b6-0916-4d62-afad-3d7c0bd6645c1582106729564-Jaipur-Kurti-Women-White-Regular-Fit-Solid-Regular-Cropped-T-1.jpg",Jaipur Kurti,Women Regular Cropped Trousers,Rs. 608,3.2
F,women-trousers,"https://assets.myntassets.com/dpr_2,q_60,w_210,c_limit,fl_progressive/assets/images/1688043/2019/5/22/255bf9f5-f5aa-463a-bfec-284b909e96561558519949079-SASSAFRAS-Women-Black-Solid-Smart-Fit-Flat-Front-Trousers-53-1.jpg",SASSAFRAS,Women Solid Parallel Trousers,Rs. 629,4.3
F,women-trousers,"https://assets.myntassets.com/dpr_2,q_60,w_210,c_limit,fl_progressive/assets/images/14947504/2021/7/27/aecaae16-1692-4719-9541-0fed433aa1dc1627366246770Widetwilltrousers1.jpg",H&M,Women Wide Twill Trousers,,3.0
F,women-trousers,"https://assets.myntassets.com/dpr_2,q_60,w_210,c_limit,fl_progressive/assets/images/15295886/2021/8/30/6f1ce374-5e66-4f53-adca-c018c55263691630296100607Crease-legtrousers1.jpg",H&M,Women Crease-Leg trousers,,3.4
F,women-trousers,"https://assets.myntassets.com/dpr_2,q_60,w_210,c_limit,fl_progressive/assets/images/6532594/2019/9/9/d979d938-7a2f-4d5c-83a2-64c4c49f28731568032040543-SASSAFRAS-Women-Blue-Solid-Denim-Parallel-Trousers-571156803-1.jpg",SASSAFRAS,Women Denim Parallel Trousers,Rs. 839,3.5
F,women-trousers,"https://assets.myntassets.com/dpr_2,q_60,w_210,c_limit,fl_progressive/assets/images/11941196/2020/6/29/c30c4a18-101a-4b5b-9292-82aad8a39d181593421916427OrchidBluesWomenOliveGreenLooseFitSolidJoggers1.jpg",Orchid Blues,Women Loose Fit Joggers,Rs. 584,4.4
F,women-shorts-skirts,"https://assets.myntassets.com/dpr_2,q_60,w_210,c_limit,fl_progressive/assets/images/7393506/2020/10/10/9a490a45-d7fb-4f17-a7f8-df2e6c40b0881602269372163TaaviWomenBlackMaroonKalamkariHandBlockPrintEthnicSustainabl1.jpg",Taavi,Kalamkari Print Ethnic Sustainable Pure Cotton Skirt,Rs. 949,4.0
F,women-shorts-skirts,"https://assets.myntassets.com/dpr_2,q_60,w_210,c_limit,fl_progressive/assets/images/10308581/2019/7/29/ef4113a4-8b02-469e-9d78-c4208223c2c41564380750905-SASSAFRAS-Women-Skirts-9621564380749800-1.jpg",SASSAFRAS,Women Maxi Flared Skirt,Rs. 719,3.9
F,women-shorts-skirts,"https://assets.myntassets.com/dpr_2,q_60,w_210,c_limit,fl_progressive/assets/images/11144058/2020/1/16/d020bd95-de74-44c5-9c9d-8d03e187ac561579164567735-Mast--Harbour-Women-Black--White-Printed-A-Line-Skirt-211579-1.jpg",Mast & Harbour,Women Printed A-Line Skirt,Rs. 1104,3.7
F,women-shorts-skirts,"https://assets.myntassets.com/dpr_2,q_60,w_210,c_limit,fl_progressive/assets/images/1294879/2016/4/6/11459942588510-Purple-Feather-Black-Pencil-Skirt-6751459942587971-1.jpg",Purple Feather,Women Pencil Skirt,Rs. 479,3.7
F,women-shorts-skirts,"https://assets.myntassets.com/dpr_2,q_60,w_210,c_limit,fl_progressive/assets/images/11264142/2020/2/20/7a8943d9-b698-4ca7-a120-bbb4152d41681582193352020-DressBerry-Women-Black-Solid-Regular-Fit-Denim-Shorts-747158-1.jpg",DressBerry,Women Regular Fit Denim Shorts,Rs. 649,4.9
F,women-shorts-skirts,"https://assets.myntassets.com/dpr_2,q_60,w_210,c_limit,fl_progressive/assets/images/productimage/2019/9/10/e3b17520-1168-46c7-98b4-c3fd3d18a7f01568064368835-1.jpg",Zastraa,Women Loose Fit Regular Shorts,Rs. 689,3.9
F,women-shorts-skirts,"https://assets.myntassets.com/dpr_2,q_60,w_210,c_limit,fl_progressive/assets/images/productimage/2019/8/7/15422b8f-ed93-4246-b9ef-92fa8c6e87011565154946076-1.jpg",Berrylush,Ruffles Illusion Pant Skirt,Rs. 798,3.9
F,women-shorts-skirts,"https://assets.myntassets.com/dpr_2,q_60,w_210,c_limit,fl_progressive/assets/images/productimage/2020/7/4/8b84e259-8abd-4848-adc4-be0ae74a6d7c1593812872932-1.jpg",Athena,Women Regular Fit Shorts,Rs. 584,3.5
F,women-shorts-skirts,"https://assets.myntassets.com/dpr_2,q_60,w_210,c_limit,fl_progressive/assets/images/13789634/2021/7/27/4f0b3eb5-7279-4034-9653-f089012df4a01627384785474-all-about-you-Women-Skirts-371627384784796-1.jpg",all about you,Women Cotton Denim Skirt,Rs. 1044,3.5
F,women-shorts-skirts,"https://assets.myntassets.com/dpr_2,q_60,w_210,c_limit,fl_progressive/assets/images/productimage/2019/12/3/fe361135-8cb8-4e6c-a788-ee089b4a0b031575313536330-1.jpg",Berrylush,Women Flared Mini Skirt,Rs. 598,3.2
F,women-shorts-skirts,"https://assets.myntassets.com/dpr_2,q_60,w_210,c_limit,fl_progressive/assets/images/11489694/2020/6/11/60c610e3-752a-4251-8670-9360be4397981591857420896-Roadster-Women-Shorts-4671591857419369-4.jpg",Roadster,Women Regular Fit Denim Shorts,Rs. 399,4.3
F,women-shrugs,"https://assets.myntassets.com/dpr_2,q_60,w_210,c_limit,fl_progressive/assets/images/2043582/2017/9/7/11504768729631-Roadster-Green--Navy-Checked-Front-Open-Shrug-6941504768729432-1.jpg",Roadster,Checked Front-Open Shrug,Rs. 734,4.1
F,women-shrugs,"https://assets.myntassets.com/dpr_2,q_60,w_210,c_limit,fl_progressive/assets/images/productimage/2021/5/7/9d9ef836-a334-40b4-9f65-8061645255bd1620396173540-1.jpg",StyleStone,Women Cream Printed Open Shrug,Rs. 764,3.1
F,women-shrugs,"https://assets.myntassets.com/dpr_2,q_60,w_210,c_limit,fl_progressive/assets/images/7838921/2018/11/22/f93afad3-9faf-4491-bb3b-e719af3a8b101542868584213-Indibelle-Red-multicolour-Abstract-Print-Shrug-4141542868583835-1.jpg",Indibelle,Multicoloured Printed Shrug,Rs. 424,4.0
F,women-shrugs,"https://assets.myntassets.com/dpr_2,q_60,w_210,c_limit,fl_progressive/assets/images/7393108/2018/11/6/1fb729c8-a35f-471a-9e35-1d78a50144561541482243390-Taavi-Women-Multicoloured-Striped-Woven-Legacy-South-Cotton-Longline-Shrug-281541482243175-1.jpg",Taavi,South Cotton Woven Legacy Shrug,Rs. 719,3.5
F,women-shrugs,"https://assets.myntassets.com/dpr_2,q_60,w_210,c_limit,fl_progressive/assets/images/14933182/2021/7/26/c8a6f2c6-11ba-428b-8472-adab271f21e81627298117618KASSUALLYWomenNavyBlueSolid1.jpg",KASSUALLY,Women Shrug,Rs. 599,4.8
F,women-shrugs,"https://assets.myntassets.com/dpr_2,q_60,w_210,c_limit,fl_progressive/assets/images/10856322/2019/11/2/c5a606ec-ec7f-49a1-a55e-9254b29447e51572676647824-SASSAFRAS-Women-Shrug-8771572676646550-1.jpg",SASSAFRAS,Longline Open Front Shrug,Rs. 845,3.9
F,women-shrugs,"https://assets.myntassets.com/dpr_2,q_60,w_210,c_limit,fl_progressive/assets/images/productimage/2021/3/20/2e8587f4-b4dc-412d-af14-1408c18b2e311616219169118-1.jpg",Rute,Self Design Open Front Shrug,Rs. 949,4.9
F,women-shrugs,"https://assets.myntassets.com/dpr_2,q_60,w_210,c_limit,fl_progressive/assets/images/1863524/2017/8/18/11503047449115-DressBerry-Grey--Black-Shrug-7991503047448765-1.jpg",DressBerry,Patterned Shrug,Rs. 1079,4.2
F,women-shrugs,"https://assets.myntassets.com/dpr_2,q_60,w_210,c_limit,fl_progressive/assets/images/10856140/2019/11/2/3e0ca55d-916b-489a-a2af-f03a6f4426ef1572679900333-SASSAFRAS-Women-Shrug-9191572679899399-1.jpg",SASSAFRAS,Longline Open Front Shrug,Rs. 809,3.2
F,women-shrugs,"https://assets.myntassets.com/dpr_2,q_60,w_210,c_limit,fl_progressive/assets/images/14340738/2021/8/12/51d1c0fc-6eb0-4f8c-81c2-c8b5f39b80ac1628779880565DressesMANGOWomenDressesMANGOWomenTshirtsMANGOWomenTrousersM1.jpg",MANGO,Women Striped Tie-Up Shrug,Rs. 2872,3.2
F,women-shrugs,"https://assets.myntassets.com/dpr_2,q_60,w_210,c_limit,fl_progressive/assets/images/2067671/2017/9/4/11504504225977-Roadster-Black--White-Checked-Front-Open-Shrug-2421504504225805-1.jpg",Roadster,Checked Front-Open Shrug,Rs. 783,4.8
F,women-sweaters-sweatshirts,"https://assets.myntassets.com/dpr_2,q_60,w_210,c_limit,fl_progressive/assets/images/12144158/2020/11/27/afac20ac-9147-4bf6-9196-a7696dc466a01606470065318-Mast--Harbour-Women-Sweaters-9861606470063976-1.jpg",Mast & Harbour,Colourblocked Pullover Sweater,Rs. 1079,4.5
F,women-sweaters-sweatshirts,"https://assets.myntassets.com/dpr_2,q_60,w_210,c_limit,fl_progressive/assets/images/9477825/2019/9/23/773c48dc-8c4f-4bc1-8a69-8faffd81f2a41569216551559-Roadster-Women-Sweatshirts-6371569216549651-1.jpg",Roadster,Women Colourblocked Sweatshirt,Rs. 934,3.5
F,women-sweaters-sweatshirts,"https://assets.myntassets.com/dpr_2,q_60,w_210,c_limit,fl_progressive/assets/images/10620268/2021/8/13/e8145f46-b986-49ed-bf65-ead9e469eb921628831998634-HERENOW-Women-Pink-Self-Design-Sweater-761628831998024-1.jpg",HERE&NOW,Women Self Design Sweater,Rs. 1199,4.5
F,women-sweaters-sweatshirts,"https://assets.myntassets.com/dpr_2,q_60,w_210,c_limit,fl_progressive/assets/images/15198594/2021/8/19/93d3b201-07ad-42f6-a615-43ec4ab1556c1629365964827Sweatshirt1.jpg",H&M,Women Sweatshirt,,4.7
F,women-sweaters-sweatshirts,"https://assets.myntassets.com/dpr_2,q_60,w_210,c_limit,fl_progressive/assets/images/14798722/2021/8/17/7fba62a0-47b0-4206-bc21-7f5b927ef3f31629191357486TshirtsTRENDYOLCOLLECTIONWomenTopsTRENDYOLCOLLECTIONWomenDre1.jpg",TRENDYOL COLLECTION,Women Cable Knit Pullover,Rs. 1319,4.9
F,women-sweaters-sweatshirts,"https://assets.myntassets.com/dpr_2,q_60,w_210,c_limit,fl_progressive/assets/images/9696163/2019/12/2/3b349289-f9d7-4d5f-9ace-908eb2255ce01575265571869-Mast--Harbour-Women-Sweaters-8441575265569632-1.jpg",Mast & Harbour,Embroidered Pullover Sweater,Rs. 1209,3.2
F,women-sweaters-sweatshirts,"https://assets.myntassets.com/dpr_2,q_60,w_210,c_limit,fl_progressive/assets/images/14779708/2021/8/9/ffa9cf7f-2d48-4ee7-8856-40debe762d1e1628488827663-Calvin-Klein-Jeans-Women-Sweatshirts-9011628488827293-1.jpg",Calvin Klein Jeans,Women Sweatshirt,,3.1
F,women-sweaters-sweatshirts,"https://assets.myntassets.com/dpr_2,q_60,w_210,c_limit,fl_progressive/assets/images/productimage/2021/1/15/5bdcf667-1bf5-43a1-81b7-43ae3703a8451610689148184-1.jpg",H&M,Solid Hooded top,,3.9
F,women-sweaters-sweatshirts,"https://assets.myntassets.com/dpr_2,q_60,w_210,c_limit,fl_progressive/assets/images/productimage/2021/1/15/7dba19b2-ede5-4d38-b061-d8cde52685021610687196959-1.jpg",H&M,Solid Hooded top,Rs. 1124,3.4
F,women-sweaters-sweatshirts,"https://assets.myntassets.com/dpr_2,q_60,w_210,c_limit,fl_progressive/assets/images/10854022/2021/7/27/0b34186b-519f-48b1-9f6d-4f8e4d3c4cd61627375745938TokyoTalkiesWomenGreenSolidHoodedSweatshirt1.jpg",Tokyo Talkies,Women Solid Sweatshirt,Rs. 524,4.1
F,women-sweaters-sweatshirts,"https://assets.myntassets.com/dpr_2,q_60,w_210,c_limit,fl_progressive/assets/images/10135647/2019/11/14/9522cc79-467b-4114-86e9-ec36494a50ed1573711640449-Mast--Harbour-Women-Sweaters-9831573711639013-1.jpg",Mast & Harbour,Women Self Design Sweater,Rs. 1349,4.0
F,women-jackets-coats,"https://assets.myntassets.com/dpr_2,q_60,w_210,c_limit,fl_progressive/assets/images/12178118/2020/9/15/53e990ae-8a46-46c3-8c88-94792a1376dd1600148880483-Roadster-Women-Jackets-1651600148878081-1.jpg",Roadster,Solid Denim Jacket,Rs. 879,4.0
F,women-jackets-coats,"https://assets.myntassets.com/dpr_2,q_60,w_210,c_limit,fl_progressive/assets/images/7509717/2018/10/6/891789ce-af07-4b32-9d24-2b10c78beb0c1538824359321-Athena-Women-Coats-6101538824359083-1.jpg",Athena,Women Solid Longline Overcoat,Rs. 2582,4.8
F,women-jackets-coats,"https://assets.myntassets.com/dpr_2,q_60,w_210,c_limit,fl_progressive/assets/images/11775148/2020/11/18/af801ab6-e997-41e1-a433-99d93e3adfb81605677171897-Chemistry-Women-Coats-981605677170145-1.jpg",Chemistry,Solid Longline Over Coat,Rs. 2999,4.0
F,women-jackets-coats,"https://assets.myntassets.com/dpr_2,q_60,w_210,c_limit,fl_progressive/assets/images/14326656/2021/6/22/b88843ad-8138-4460-a048-a9277a9843821624333267388-ADIDAS-Women-Jackets-2921624333266748-1.jpg",ADIDAS,3 Stripes TJ Training Jacket,Rs. 2249,3.3
F,women-jackets-coats,"https://assets.myntassets.com/dpr_2,q_60,w_210,c_limit,fl_progressive/assets/images/5709433/2018/9/6/f8edfec2-d665-4dec-8bd0-1c549d9b2c051536228338868-Chemistry-Women-Brown-Solid-Parka-7841536228337271-1.jpg",Chemistry,Women Solid Parka,Rs. 3299,3.0
F,women-jackets-coats,"https://assets.myntassets.com/dpr_2,q_60,w_210,c_limit,fl_progressive/assets/images/13287918/2021/1/6/0cb5dcbc-2877-4f0b-9f0e-a32e8bb31a0f1609909256912-Popnetic-Women-Jackets-4931609909255502-1.jpg",Popnetic,Solid Pure Cotton Crop Jacket,Rs. 699,3.3
F,women-jackets-coats,"https://assets.myntassets.com/dpr_2,q_60,w_210,c_limit,fl_progressive/assets/images/14473480/2021/8/20/97e8f83c-9043-490c-b88d-c191625b9f451629440561267-HERENOW-Women-Jackets-8211629440560365-1.jpg",HERE&NOW,Women Hooded Padded Jacket,Rs. 2449,4.9
F,women-jackets-coats,"https://assets.myntassets.com/dpr_2,q_60,w_210,c_limit,fl_progressive/assets/images/14326658/2021/6/22/8a4dc400-d662-47df-8692-eb2f9c0c82cd1624333277414-ADIDAS-Women-Jackets-4501624333276736-1.jpg",ADIDAS,LIN FT FZ HD Hooded Jacket,Rs. 1959,4.5
F,women-jackets-coats,"https://assets.myntassets.com/dpr_2,q_60,w_210,c_limit,fl_progressive/assets/images/11951134/2020/10/23/7de856c5-e9f7-47fc-8a00-531bac4fa7591603446005194-DressBerry-Women-Coats-6281603446002629-1.jpg",DressBerry,Women Velvet Finish Overcoat,Rs. 2645,3.6
F,women-jackets-coats,"https://assets.myntassets.com/dpr_2,q_60,w_210,c_limit,fl_progressive/assets/images/4923956/2018/11/5/e76ec1bc-1b2d-49d0-9da2-887dae6c797b1541392496192-HRX-by-Hrithik-Roshan-Women-Black-Solid-Sporty-Jacket-537154-1.jpg",HRX by Hrithik Roshan,Women Solid Sporty Jacket,Rs. 1319,3.4
F,women-jackets-coats,"https://assets.myntassets.com/dpr_2,q_60,w_210,c_limit,fl_progressive/assets/images/12178126/2020/9/15/eabb703a-eb23-4142-8d01-afc86874e8051600157050697-Roadster-Women-Jackets-1321600157048335-1.jpg",Roadster,Solid Denim Jacket,Rs. 879,3.7
F,women-blazers-waistcoats,"https://assets.myntassets.com/dpr_2,q_60,w_210,c_limit,fl_progressive/assets/images/productimage/2021/5/28/2d37b1c1-7f1f-404d-b66f-31bb9ff1d0421622176820349-1.jpg",H&M,Double-Breasted Jacket,,3.9
F,women-blazers-waistcoats,"https://assets.myntassets.com/dpr_2,q_60,w_210,c_limit,fl_progressive/assets/images/11064296/2019/12/3/37519bba-bcf1-4b10-b05c-86e15d578ae81575351988527-SASSAFRAS-Women-Beige-Solid-Slim-Fit-Single-Breasted-Formal--1.jpg",SASSAFRAS,Women Slim Fit Formal Cotton Blazer,Rs. 755,4.6
F,women-blazers-waistcoats,"https://assets.myntassets.com/dpr_2,q_60,w_210,c_limit,fl_progressive/assets/images/14858382/2021/7/19/2fc8cb0c-304b-42fd-ad6d-4d0a756572821626666623084Croppedjacket1.jpg",H&M,Green Cropped jacket,,4.4
F,women-blazers-waistcoats,"https://assets.myntassets.com/dpr_2,q_60,w_210,c_limit,fl_progressive/assets/images/productimage/2021/5/19/e83c6188-de98-41f4-96e5-3eade88187571621396680861-1.jpg",FOREVER 21,Women Striped Casual Crop Blazer,,4.2
F,women-blazers-waistcoats,"https://assets.myntassets.com/dpr_2,q_60,w_210,c_limit,fl_progressive/assets/images/productimage/2020/2/5/b48e8f87-15f6-4ebf-8ca2-2d7fae8e0afd1580856871379-1.jpg",Van Heusen Woman,Women Striped Single-Breasted Casual Blazer,Rs. 1399,4.8
F,women-blazers-waistcoats,"https://assets.myntassets.com/dpr_2,q_60,w_210,c_limit,fl_progressive/assets/images/14858378/2021/7/19/ec41ac0e-ba62-4e1d-a17b-00625fdb5c031626665807573Short-sleevedjacket1.jpg",H&M,Short-Sleeved Jacket,,4.8
F,women-blazers-waistcoats,"https://assets.myntassets.com/dpr_2,q_60,w_210,c_limit,fl_progressive/assets/images/15221750/2021/8/23/7d5286af-e1c4-4a2c-854c-10b5cd51c0781629702466872Blazers1.jpg",Tokyo Talkies,Women Solid Single-Breasted Formal Blazer,Rs. 629,4.0
F,women-blazers-waistcoats,"https://assets.myntassets.com/dpr_2,q_60,w_210,c_limit,fl_progressive/assets/images/productimage/2020/9/19/974e4e7b-4ae3-450e-8926-5b2779007ce81600465071669-1.jpg",Van Heusen Woman,Women Solid Slim-Fit Single-Breasted Formal Blazer,,4.7
F,women-blazers-waistcoats,"https://assets.myntassets.com/dpr_2,q_60,w_210,c_limit,fl_progressive/assets/images/productimage/2021/5/19/9480013a-9db4-4d36-98ab-5c96bf78924c1621400477706-1.jpg",H&M,Crinkled Jacket,,4.3
F,women-blazers-waistcoats,"https://assets.myntassets.com/dpr_2,q_60,w_210,c_limit,fl_progressive/assets/images/productimage/2020/11/27/d3780f26-8043-4b9a-808b-90f482bf7ca51606452493254-1.jpg",KASSUALLY,Women Solid Single-Breasted Canton Blazer,Rs. 999,4.1
F,women-blazers-waistcoats,"https://assets.myntassets.com/dpr_2,q_60,w_210,c_limit,fl_progressive/assets/images/2196416/2019/5/20/e2c3f522-a8b5-485f-9fd4-b0b59417d9351558352425605-SASSAFRAS-Mustard-Yellow-Single-Breasted-Blazer-770155835242-1.jpg",SASSAFRAS,Women Single-Breasted Pure Cotton Blazer,Rs. 798,3.7
